-- MySQL dump 10.13  Distrib 5.7.26, for Win64 (x86_64)
--
-- Host: localhost    Database: ponto
-- ------------------------------------------------------
-- Server version	5.7.26

/*!40101 SET @OLD_CHARACTER_SET_CLIENT=@@CHARACTER_SET_CLIENT */;
/*!40101 SET @OLD_CHARACTER_SET_RESULTS=@@CHARACTER_SET_RESULTS */;
/*!40101 SET @OLD_COLLATION_CONNECTION=@@COLLATION_CONNECTION */;
/*!40101 SET NAMES utf8 */;
/*!40103 SET @OLD_TIME_ZONE=@@TIME_ZONE */;
/*!40103 SET TIME_ZONE='+00:00' */;
/*!40014 SET @OLD_UNIQUE_CHECKS=@@UNIQUE_CHECKS, UNIQUE_CHECKS=0 */;
/*!40014 SET @OLD_FOREIGN_KEY_CHECKS=@@FOREIGN_KEY_CHECKS, FOREIGN_KEY_CHECKS=0 */;
/*!40101 SET @OLD_SQL_MODE=@@SQL_MODE, SQL_MODE='NO_AUTO_VALUE_ON_ZERO' */;
/*!40111 SET @OLD_SQL_NOTES=@@SQL_NOTES, SQL_NOTES=0 */;

--
-- Table structure for table `companies`
--

DROP TABLE IF EXISTS `companies`;
/*!40101 SET @saved_cs_client     = @@character_set_client */;
/*!40101 SET character_set_client = utf8 */;
CREATE TABLE `companies` (
  `id` bigint(20) NOT NULL AUTO_INCREMENT,
  `name` varchar(100) NOT NULL,
  `address` varchar(500) NOT NULL,
  `telephone` varchar(50) NOT NULL,
  PRIMARY KEY (`id`)
) ENGINE=InnoDB AUTO_INCREMENT=2 DEFAULT CHARSET=utf8;
/*!40101 SET character_set_client = @saved_cs_client */;

--
-- Dumping data for table `companies`
--

LOCK TABLES `companies` WRITE;
/*!40000 ALTER TABLE `companies` DISABLE KEYS */;
INSERT INTO `companies` VALUES (1,'SERVTI - SERVIÇO DE TECNOLOGIA LTDA','RUA BARÃO DO RIO BRANCO - 1137, CENTRO - FEIRA DE SANTANA-BA CEP: 44001-505','(75) 2101-3744');
/*!40000 ALTER TABLE `companies` ENABLE KEYS */;
UNLOCK TABLES;

--
-- Table structure for table `employees`
--

DROP TABLE IF EXISTS `employees`;
/*!40101 SET @saved_cs_client     = @@character_set_client */;
/*!40101 SET character_set_client = utf8 */;
CREATE TABLE `employees` (
  `id` int(11) NOT NULL AUTO_INCREMENT,
  `name` varchar(50) NOT NULL,
  `rolefk` int(11) NOT NULL,
  `admission` date NOT NULL,
  `gender` varchar(1) NOT NULL,
  `status` tinyint(1) NOT NULL,
  PRIMARY KEY (`id`),
  KEY `employee_rolefk` (`rolefk`),
  CONSTRAINT `employee_rolefk` FOREIGN KEY (`rolefk`) REFERENCES `roles` (`id`) ON DELETE NO ACTION ON UPDATE NO ACTION
) ENGINE=InnoDB AUTO_INCREMENT=42 DEFAULT CHARSET=utf8;
/*!40101 SET character_set_client = @saved_cs_client */;

--
-- Dumping data for table `employees`
--

LOCK TABLES `employees` WRITE;
/*!40000 ALTER TABLE `employees` DISABLE KEYS */;
INSERT INTO `employees` VALUES (1,'ELIANE DA SILVA AZEVEDO',1,'2013-02-25','F',1),(2,'RENAN ROSÁRIO TEIXEIRA',4,'2008-06-16','M',1),(3,'AÉCIO PEREIRA SANTIAGO',4,'2019-06-03','M',1),(4,'ALANE DA CRUZ NERI',2,'2018-01-03','F',1),(5,'BRUNA MENDONÇA NASCIMENTO',1,'2018-12-01','F',1),(6,'BRUCE SOUZA CRUZ',3,'2019-07-03','M',1),(7,'CRISTIANO BASTOS MIRANDA',7,'2010-08-02','M',1),(8,'ALYSSON SILVA BRITO',7,'2010-09-03','M',1),(9,'DAVID SÉRGIO NOGUEIRA',7,'2010-11-01','M',1),(10,'DENIS OLIVEIRA MONTES',4,'2019-02-04','M',1),(11,'DHIELYTON LOPES DE OLIVEIRA ARAUJO',4,'2018-09-24','M',1),(12,'DIEGO MATEUS MOURA DE JESUS',3,'2018-11-05','M',1),(13,'ELISMAR DE ANDRADE AZEVEDO',3,'2017-06-06','M',1),(14,'EDERSON PAZ RIBEIRO',4,'2018-04-16','M',1),(15,'EDUARDO ANUNCIAÇÃO DOS SANTOS',6,'2010-04-01','M',1),(16,'GESSAN DOS SANTOS ANDRADE',3,'2011-03-01','M',1),(17,'HEITOR L. SANTOS SILVA',3,'2018-06-04','M',1),(18,'JADSON JOSÉ NERI GONZAGA',4,'2018-06-04','M',1),(19,'JEFTÉ GOES SALVADOR SILVA',4,'2016-07-01','M',1),(20,'JEREMIAS ALMEIDA JÚNIOR',3,'2017-09-21','M',1),(21,'JONATHAS  ARAUJO ALMEIDA',3,'2017-04-03','M',1),(22,'J. SAULO OLIVEIRA',3,'2017-03-01','M',1),(23,'LAERTE DA SILVA CARNEIRO',3,'2015-06-16','M',1),(24,'LAIS MARQUES FERREIRA',6,'2012-04-12','F',1),(25,'LINSMAR DO NASCIMENTO DA CRUZ',4,'2013-10-10','M',1),(26,'LUCAS GABRIEL DA SILVA E SILVA',3,'2018-11-05','M',1),(27,'LUCIANO DE OLIVEIRA SOUZA',4,'2017-12-04','M',1),(28,'LUIZ CÉSAR PINHEIRO DE OLIVEIRA',3,'2010-04-01','M',1),(29,'LUIZ FELIPE LINS NUNES',3,'2016-04-02','M',1),(30,'MARCELO F. CARDOSO',3,'2017-08-01','M',1),(31,'MARCO ANTONIO LIMA',4,'2002-08-01','M',1),(32,'MARCUS V. MACEDO DE SOUSA',3,'2019-07-03','M',1),(33,'MATEUS FERREIRA TAVARES',1,'2009-05-04','M',1),(34,'MATHEUS SOUZA SANTOS',4,'2018-08-13','M',1),(35,'OTÁVIO RIBEIRO HIGINO',1,'2013-02-20','M',1),(36,'ROBENIL CEDRAZ',7,'2015-06-01','M',1),(37,'RONALDO RUIZ FILHO',4,'2016-01-04','M',1),(38,'THIAGO N. DE ALCANTARA',3,'2017-03-03','M',1),(39,'THOMAS PEREIRA DE OLIVEIRA',2,'2019-08-04','M',1),(40,'VANESSA DE JESUS SERAFIM',8,'2019-06-03','M',1),(41,'VINÍCIUS SILVA OLIVEIRA',7,'2018-08-01','M',1);
/*!40000 ALTER TABLE `employees` ENABLE KEYS */;
UNLOCK TABLES;

--
-- Table structure for table `hours`
--

DROP TABLE IF EXISTS `hours`;
/*!40101 SET @saved_cs_client     = @@character_set_client */;
/*!40101 SET character_set_client = utf8 */;
CREATE TABLE `hours` (
  `id` text NOT NULL,
  `employeefk` int(11) NOT NULL,
  `date` date NOT NULL,
  `type` int(11) NOT NULL DEFAULT '0',
  `hour1` time NOT NULL DEFAULT '00:00:00',
  `hour2` time NOT NULL DEFAULT '00:00:00',
  `hour3` time NOT NULL DEFAULT '00:00:00',
  `hour4` time NOT NULL DEFAULT '00:00:00',
  `hour5` time NOT NULL DEFAULT '00:00:00',
  `hour6` time NOT NULL DEFAULT '00:00:00',
  `typedatefk` int(11) DEFAULT NULL,
  `balance` time NOT NULL,
  PRIMARY KEY (`id`(64)),
  UNIQUE KEY `UNIQUE` (`employeefk`,`type`,`date`),
  KEY `hours_typedatefk` (`typedatefk`),
  KEY `id_idx` (`id`(64)),
  CONSTRAINT `hours_employeefk` FOREIGN KEY (`employeefk`) REFERENCES `employees` (`id`) ON DELETE NO ACTION ON UPDATE NO ACTION,
  CONSTRAINT `hours_typedatefk` FOREIGN KEY (`typedatefk`) REFERENCES `typedates` (`id`) ON DELETE NO ACTION ON UPDATE NO ACTION
) ENGINE=InnoDB DEFAULT CHARSET=utf8;
/*!40101 SET character_set_client = @saved_cs_client */;

--
-- Dumping data for table `hours`
--

LOCK TABLES `hours` WRITE;
/*!40000 ALTER TABLE `hours` DISABLE KEYS */;
INSERT INTO `hours` VALUES ('0066dc60491a2655ceba8c980c040a38c394a260',19,'2019-10-19',0,'08:00:00','12:00:00','12:00:00','17:00:00','00:00:00','00:00:00',3,'05:00:00'),('0177ca445cfe37e785477f9e470a4f821881f43b',33,'2019-11-02',0,'00:00:00','00:00:00','00:00:00','00:00:00','00:00:00','00:00:00',5,'00:00:00'),('02cf6ec5aa11b01ec11ee489b0c51d073297384d',32,'2019-11-01',0,'08:06:00','11:07:00','13:02:00','19:00:00','00:00:00','00:00:00',2,'00:59:00'),('03b48f17ebce6044d182cb65b88083e97563b2aa',40,'2019-10-25',0,'06:43:00','12:00:00','13:00:00','16:45:00','00:00:00','00:00:00',2,'01:02:00'),('061c25a5fa39e7a55c5ecfba8b5813cb8c11d1de',3,'2019-11-03',0,'00:00:00','00:00:00','00:00:00','00:00:00','00:00:00','00:00:00',1,'00:00:00'),('0758545eaa3d04f497e303df36ce84026da15fe9',33,'2019-11-01',0,'08:07:00','11:22:00','13:56:00','18:00:00','00:00:00','00:00:00',2,'-00:41:00'),('075b2584112912fe37be05e4728d4da97d24225a',7,'2019-11-03',0,'00:00:00','00:00:00','00:00:00','00:00:00','00:00:00','00:00:00',1,'00:00:00'),('08c19cd76162e437cd41a272856108a29ad4c362',10,'2019-11-01',0,'09:17:00','12:08:00','13:09:00','18:28:00','00:00:00','00:00:00',2,'00:10:00'),('093df2352346e6d3fbf8ed9f08594f72c01ad48b',10,'2019-11-04',0,'08:47:00','12:58:00','14:29:00','18:43:00','00:00:00','00:00:00',2,'00:25:00'),('0ad5b9ffc053a098d2dfab18ef32509d939b1b85',5,'2019-11-03',0,'00:00:00','00:00:00','00:00:00','00:00:00','00:00:00','00:00:00',1,'00:00:00'),('0b38985c2732d53ab0c4745a4ce6daa8861507e7',11,'2019-11-03',0,'00:00:00','00:00:00','00:00:00','00:00:00','00:00:00','00:00:00',1,'00:00:00'),('0cca5fdc394e07986d013717793d2166ae8a6c76',14,'2019-11-03',0,'00:00:00','00:00:00','00:00:00','00:00:00','00:00:00','00:00:00',1,'00:00:00'),('1',1,'2019-10-01',0,'07:39:00','12:20:00','13:30:00','18:03:00','00:00:00','00:00:00',2,'01:14:00'),('10',29,'2019-10-01',0,'00:00:00','00:00:00','00:00:00','00:00:00','00:00:00','00:00:00',1,'00:00:00'),('100',8,'2019-10-06',0,'00:00:00','00:00:00','00:00:00','00:00:00','00:00:00','00:00:00',1,'00:00:00'),('1000',38,'2019-10-27',0,'00:00:00','00:00:00','00:00:00','00:00:00','00:00:00','00:00:00',1,'00:00:00'),('1001',2,'2019-10-25',0,'07:52:00','11:53:00','13:35:00','18:51:00','00:00:00','00:00:00',2,'01:17:00'),('1002',2,'2019-10-26',0,'00:00:00','00:00:00','00:00:00','00:00:00','00:00:00','00:00:00',3,'-04:00:00'),('1003',2,'2019-10-27',0,'00:00:00','00:00:00','00:00:00','00:00:00','00:00:00','00:00:00',1,'00:00:00'),('1004',33,'2019-10-25',0,'08:18:00','12:33:00','13:06:00','18:01:00','00:00:00','00:00:00',2,'01:10:00'),('1005',33,'2019-10-26',0,'00:00:00','00:00:00','00:00:00','00:00:00','00:00:00','00:00:00',3,'-04:00:00'),('1006',33,'2019-10-27',0,'00:00:00','00:00:00','00:00:00','00:00:00','00:00:00','00:00:00',1,'00:00:00'),('1007',35,'2019-10-25',0,'07:58:00','12:11:00','13:21:00','18:03:00','00:00:00','00:00:00',2,'00:55:00'),('1008',35,'2019-10-26',0,'09:00:00','16:50:00','00:00:00','00:00:00','00:00:00','00:00:00',3,'03:50:00'),('1009',35,'2019-10-27',0,'00:00:00','00:00:00','00:00:00','00:00:00','00:00:00','00:00:00',1,'00:00:00'),('101',4,'2019-10-01',0,'07:53:00','12:08:00','13:07:00','18:05:00','00:00:00','00:00:00',2,'01:13:00'),('1010',31,'2019-10-25',0,'08:57:00','12:19:00','14:18:00','19:04:00','00:00:00','00:00:00',2,'00:08:00'),('1011',31,'2019-10-26',0,'00:00:00','00:00:00','00:00:00','00:00:00','00:00:00','00:00:00',3,'-04:00:00'),('1012',31,'2019-10-27',0,'00:00:00','00:00:00','00:00:00','00:00:00','00:00:00','00:00:00',1,'00:00:00'),('1013',30,'2019-10-25',0,'07:55:00','12:12:00','13:29:00','17:28:00','00:00:00','00:00:00',2,'00:16:00'),('1014',30,'2019-10-26',0,'00:00:00','00:00:00','00:00:00','00:00:00','00:00:00','00:00:00',3,'-04:00:00'),('1015',30,'2019-10-27',0,'00:00:00','00:00:00','00:00:00','00:00:00','00:00:00','00:00:00',1,'00:00:00'),('1016',29,'2019-10-25',0,'07:59:00','12:09:00','14:00:00','18:55:00','00:00:00','00:00:00',2,'01:05:00'),('1017',29,'2019-10-26',0,'00:00:00','00:00:00','00:00:00','00:00:00','00:00:00','00:00:00',3,'-04:00:00'),('1018',29,'2019-10-27',0,'00:00:00','00:00:00','00:00:00','00:00:00','00:00:00','00:00:00',1,'00:00:00'),('1019',28,'2019-10-25',0,'07:54:00','12:00:00','13:52:00','18:20:00','00:00:00','00:00:00',2,'00:34:00'),('102',4,'2019-10-02',0,'08:06:00','13:55:00','14:59:00','18:05:00','00:00:00','00:00:00',2,'00:55:00'),('1020',28,'2019-10-26',0,'00:00:00','00:00:00','00:00:00','00:00:00','00:00:00','00:00:00',3,'-04:00:00'),('1021',28,'2019-10-27',0,'00:00:00','00:00:00','00:00:00','00:00:00','00:00:00','00:00:00',1,'00:00:00'),('1022',25,'2019-10-25',0,'08:19:00','12:57:00','13:37:00','19:03:00','00:00:00','00:00:00',2,'02:04:00'),('1023',25,'2019-10-26',0,'00:00:00','00:00:00','00:00:00','00:00:00','00:00:00','00:00:00',3,'-04:00:00'),('1024',25,'2019-10-27',0,'00:00:00','00:00:00','00:00:00','00:00:00','00:00:00','00:00:00',1,'00:00:00'),('1025',26,'2019-10-25',0,'08:01:00','13:07:00','14:57:00','18:07:00','00:00:00','00:00:00',2,'00:16:00'),('1026',26,'2019-10-26',0,'08:01:00','13:02:00','00:00:00','00:00:00','00:00:00','00:00:00',3,'01:01:00'),('1027',26,'2019-10-27',0,'00:00:00','00:00:00','00:00:00','00:00:00','00:00:00','00:00:00',1,'00:00:00'),('1028',24,'2019-10-25',0,'08:03:00','12:00:00','14:00:00','18:02:00','00:00:00','00:00:00',2,'-00:01:00'),('1029',24,'2019-10-26',0,'00:00:00','00:00:00','00:00:00','00:00:00','00:00:00','00:00:00',3,'-04:00:00'),('103',4,'2019-10-03',0,'08:13:00','12:10:00','13:44:00','18:05:00','00:00:00','00:00:00',2,'00:18:00'),('1030',24,'2019-10-27',0,'00:00:00','00:00:00','00:00:00','00:00:00','00:00:00','00:00:00',1,'00:00:00'),('1031',19,'2019-10-25',0,'08:27:00','12:05:00','14:18:00','18:14:00','00:00:00','00:00:00',2,'-00:26:00'),('1033',19,'2019-10-27',0,'00:00:00','00:00:00','00:00:00','00:00:00','00:00:00','00:00:00',1,'00:00:00'),('1034',23,'2019-10-25',0,'07:59:00','13:06:00','15:02:00','19:29:00','00:00:00','00:00:00',2,'01:34:00'),('1035',23,'2019-10-26',0,'00:00:00','00:00:00','00:00:00','00:00:00','00:00:00','00:00:00',3,'-04:00:00'),('1036',23,'2019-10-27',0,'00:00:00','00:00:00','00:00:00','00:00:00','00:00:00','00:00:00',1,'00:00:00'),('1037',22,'2019-10-25',0,'08:00:00','12:08:00','14:06:00','18:02:00','00:00:00','00:00:00',2,'00:04:00'),('1038',22,'2019-10-26',0,'08:00:00','13:03:00','13:03:00','13:03:00','00:00:00','00:00:00',3,'01:03:00'),('1039',22,'2019-10-27',0,'00:00:00','00:00:00','00:00:00','00:00:00','00:00:00','00:00:00',1,'00:00:00'),('104',4,'2019-10-05',0,'00:00:00','00:00:00','00:00:00','00:00:00','00:00:00','00:00:00',3,'-04:00:00'),('1040',21,'2019-10-25',0,'08:05:00','11:10:00','12:57:00','18:00:00','00:00:00','00:00:00',2,'00:08:00'),('1041',21,'2019-10-26',0,'08:20:00','13:01:00','13:01:00','13:01:00','00:00:00','00:00:00',3,'00:41:00'),('1042',21,'2019-10-27',0,'00:00:00','00:00:00','00:00:00','00:00:00','00:00:00','00:00:00',1,'00:00:00'),('1043',20,'2019-10-25',0,'08:17:00','13:07:00','15:07:00','19:32:00','00:00:00','00:00:00',2,'01:15:00'),('1044',20,'2019-10-26',0,'00:00:00','00:00:00','00:00:00','00:00:00','00:00:00','00:00:00',3,'-04:00:00'),('1045',20,'2019-10-27',0,'00:00:00','00:00:00','00:00:00','00:00:00','00:00:00','00:00:00',1,'00:00:00'),('1046',17,'2019-10-25',0,'08:32:00','13:15:00','14:44:00','18:03:00','00:00:00','00:00:00',2,'00:02:00'),('1047',17,'2019-10-26',0,'00:00:00','00:00:00','00:00:00','00:00:00','00:00:00','00:00:00',3,'-04:00:00'),('1048',17,'2019-10-27',0,'00:00:00','00:00:00','00:00:00','00:00:00','00:00:00','00:00:00',1,'00:00:00'),('1049',1,'2019-10-25',0,'07:37:00','12:04:00','13:41:00','17:58:00','00:00:00','00:00:00',2,'00:44:00'),('105',4,'2019-10-06',0,'00:00:00','00:00:00','00:00:00','00:00:00','00:00:00','00:00:00',1,'00:00:00'),('1051',13,'2019-10-25',0,'08:46:00','12:04:00','14:14:00','18:09:00','00:00:00','00:00:00',2,'-00:47:00'),('1052',13,'2019-10-26',0,'08:53:00','13:03:00','00:00:00','00:00:00','00:00:00','00:00:00',3,'00:10:00'),('1054',15,'2019-10-25',0,'07:20:00','12:01:00','14:05:00','18:15:00','00:00:00','00:00:00',2,'00:51:00'),('1055',15,'2019-10-26',0,'00:00:00','00:00:00','00:00:00','00:00:00','00:00:00','00:00:00',3,'-04:00:00'),('1056',15,'2019-10-27',0,'00:00:00','00:00:00','00:00:00','00:00:00','00:00:00','00:00:00',1,'00:00:00'),('1057',14,'2019-10-25',0,'07:19:00','12:16:00','14:25:00','18:57:00','00:00:00','00:00:00',2,'01:29:00'),('1058',14,'2019-10-26',0,'08:29:00','12:21:00','00:00:00','00:00:00','00:00:00','00:00:00',3,'-00:08:00'),('1059',14,'2019-10-27',0,'00:00:00','00:00:00','00:00:00','00:00:00','00:00:00','00:00:00',1,'00:00:00'),('106',6,'2019-10-01',0,'08:00:00','12:15:00','13:59:00','18:09:00','00:00:00','00:00:00',2,'00:25:00'),('1060',12,'2019-10-25',0,'08:10:00','11:04:00','12:30:00','18:29:00','00:00:00','00:00:00',2,'00:53:00'),('1061',12,'2019-10-26',0,'00:00:00','00:00:00','00:00:00','00:00:00','00:00:00','00:00:00',3,'-04:00:00'),('1062',12,'2019-10-27',0,'00:00:00','00:00:00','00:00:00','00:00:00','00:00:00','00:00:00',1,'00:00:00'),('1063',10,'2019-10-25',0,'08:23:00','12:21:00','13:35:00','18:56:00','00:00:00','00:00:00',2,'01:19:00'),('1064',10,'2019-10-26',0,'08:53:00','13:01:00','13:01:00','13:01:00','00:00:00','00:00:00',3,'00:08:00'),('1065',10,'2019-10-27',0,'00:00:00','00:00:00','00:00:00','00:00:00','00:00:00','00:00:00',1,'00:00:00'),('1066',9,'2019-10-25',0,'08:04:00','12:03:00','13:00:00','18:07:00','00:00:00','00:00:00',2,'01:06:00'),('1067',9,'2019-10-26',0,'00:00:00','00:00:00','00:00:00','00:00:00','00:00:00','00:00:00',3,'-04:00:00'),('1068',9,'2019-10-27',0,'00:00:00','00:00:00','00:00:00','00:00:00','00:00:00','00:00:00',1,'00:00:00'),('1069',7,'2019-10-22',0,'08:04:00','13:00:00','13:55:00','18:19:00','00:00:00','00:00:00',2,'01:20:00'),('107',6,'2019-10-03',0,'08:00:00','12:01:00','13:59:00','18:09:00','00:00:00','00:00:00',2,'00:11:00'),('1070',7,'2019-10-23',0,'07:58:00','12:09:00','13:34:00','18:11:00','00:00:00','00:00:00',2,'00:48:00'),('1071',7,'2019-10-24',0,'08:16:00','12:00:00','13:51:00','18:00:00','00:00:00','00:00:00',2,'-00:07:00'),('1072',7,'2019-10-25',0,'08:06:00','12:05:00','13:52:00','18:10:00','00:00:00','00:00:00',2,'00:17:00'),('1073',7,'2019-10-26',0,'00:00:00','00:00:00','00:00:00','00:00:00','00:00:00','00:00:00',3,'-04:00:00'),('1074',7,'2019-10-27',0,'00:00:00','00:00:00','00:00:00','00:00:00','00:00:00','00:00:00',1,'00:00:00'),('1075',5,'2019-10-25',0,'07:56:00','12:09:00','14:02:00','18:13:00','00:00:00','00:00:00',2,'00:24:00'),('1076',5,'2019-10-26',0,'00:00:00','00:00:00','00:00:00','00:00:00','00:00:00','00:00:00',3,'-04:00:00'),('1077',5,'2019-10-27',0,'00:00:00','00:00:00','00:00:00','00:00:00','00:00:00','00:00:00',1,'00:00:00'),('1078',4,'2019-10-25',0,'07:55:00','12:07:00','13:19:00','18:09:00','00:00:00','00:00:00',2,'01:02:00'),('1079',4,'2019-10-26',0,'00:00:00','00:00:00','00:00:00','00:00:00','00:00:00','00:00:00',3,'-04:00:00'),('108',6,'2019-10-05',0,'08:10:00','13:00:00','13:00:00','13:00:00','00:00:00','00:00:00',3,'00:50:00'),('1080',4,'2019-10-27',0,'00:00:00','00:00:00','00:00:00','00:00:00','00:00:00','00:00:00',1,'00:00:00'),('1081',41,'2019-10-07',0,'08:00:00','12:00:00','13:00:00','18:00:00','00:00:00','00:00:00',2,'01:00:00'),('1082',41,'2019-10-08',0,'08:00:00','12:00:00','13:00:00','18:00:00','00:00:00','00:00:00',2,'01:00:00'),('1083',41,'2019-10-09',0,'08:00:00','12:30:00','13:00:00','18:00:00','00:00:00','00:00:00',2,'01:30:00'),('1084',41,'2019-10-10',0,'08:00:00','12:00:00','13:00:00','18:00:00','00:00:00','00:00:00',2,'01:00:00'),('1085',41,'2019-10-11',0,'08:00:00','12:00:00','13:00:00','18:00:00','00:00:00','00:00:00',2,'01:00:00'),('1086',41,'2019-10-12',0,'00:00:00','00:00:00','00:00:00','00:00:00','00:00:00','00:00:00',5,'00:00:00'),('1087',41,'2019-10-13',0,'00:00:00','00:00:00','00:00:00','00:00:00','00:00:00','00:00:00',1,'00:00:00'),('1088',41,'2019-10-14',0,'08:00:00','12:00:00','13:00:00','18:00:00','00:00:00','00:00:00',2,'01:00:00'),('1089',41,'2019-10-15',0,'08:00:00','12:00:00','13:00:00','18:00:00','00:00:00','00:00:00',2,'01:00:00'),('109',6,'2019-10-06',0,'00:00:00','00:00:00','00:00:00','00:00:00','00:00:00','00:00:00',1,'00:00:00'),('1090',41,'2019-10-16',0,'08:00:00','12:00:00','13:00:00','18:00:00','00:00:00','00:00:00',2,'01:00:00'),('1091',41,'2019-10-17',0,'08:00:00','12:00:00','13:00:00','18:00:00','00:00:00','00:00:00',2,'01:00:00'),('1092',41,'2019-10-18',0,'08:00:00','12:00:00','13:00:00','18:00:00','00:00:00','00:00:00',2,'01:00:00'),('1093',41,'2019-10-21',0,'00:00:00','00:00:00','00:00:00','00:00:00','00:00:00','00:00:00',1,'00:00:00'),('1094',21,'2019-10-21',1,'08:17:00','00:00:00','00:00:00','00:00:00','00:00:00','00:00:00',NULL,'-08:17:00'),('1095',29,'2019-10-21',1,'09:14:00','00:00:00','00:00:00','00:00:00','00:00:00','00:00:00',NULL,'-09:14:00'),('1096',23,'2019-10-21',1,'09:29:00','00:00:00','00:00:00','00:00:00','00:00:00','00:00:00',NULL,'-09:29:00'),('1097',22,'2019-10-21',1,'08:20:00','00:00:00','00:00:00','00:00:00','00:00:00','00:00:00',NULL,'-08:20:00'),('1098',26,'2019-10-21',1,'07:49:00','00:00:00','00:00:00','00:00:00','00:00:00','00:00:00',NULL,'-07:49:00'),('1099',13,'2019-10-21',1,'07:43:00','00:00:00','00:00:00','00:00:00','00:00:00','00:00:00',NULL,'-07:43:00'),('10e226c6dc3db938b59733e270d74e848a7c00a2',8,'2019-10-25',0,'08:00:00','12:00:00','13:00:00','18:00:00','00:00:00','00:00:00',2,'01:00:00'),('11',29,'2019-10-02',0,'00:00:00','00:00:00','00:00:00','00:00:00','00:00:00','00:00:00',1,'00:00:00'),('110',3,'2019-10-01',0,'07:31:00','12:01:00','12:24:00','16:54:00','00:00:00','00:00:00',2,'01:00:00'),('1100',38,'2019-10-21',1,'08:12:00','00:00:00','00:00:00','00:00:00','00:00:00','00:00:00',NULL,'-08:12:00'),('1101',20,'2019-10-21',1,'09:22:00','00:00:00','00:00:00','00:00:00','00:00:00','00:00:00',NULL,'-09:22:00'),('1103',1,'2019-10-28',0,'07:39:00','12:02:00','13:32:00','17:59:00','00:00:00','00:00:00',2,'00:50:00'),('1104',1,'2019-10-29',0,'07:42:00','12:28:00','13:56:00','17:59:00','00:00:00','00:00:00',2,'00:49:00'),('1105',37,'2019-10-28',0,'07:44:00','11:53:00','12:59:00','17:29:00','00:00:00','00:00:00',2,'00:39:00'),('1106',37,'2019-10-29',0,'07:48:00','11:39:00','13:29:00','17:27:00','00:00:00','00:00:00',2,'-00:11:00'),('1107',40,'2019-10-28',0,'06:53:00','11:53:00','13:49:00','17:01:00','00:00:00','00:00:00',2,'00:12:00'),('1108',40,'2019-10-29',0,'06:58:00','12:27:00','14:00:00','16:58:00','00:00:00','00:00:00',2,'00:27:00'),('1109',18,'2019-10-28',0,'08:11:00','12:02:00','13:31:00','18:14:00','00:00:00','00:00:00',2,'00:34:00'),('111',3,'2019-10-02',0,'07:14:00','11:59:00','12:18:00','16:38:00','00:00:00','00:00:00',2,'01:05:00'),('1110',18,'2019-10-29',0,'08:14:00','12:00:00','13:00:00','17:24:00','00:00:00','00:00:00',2,'00:10:00'),('1111',32,'2019-10-28',0,'07:58:00','11:02:00','12:53:00','19:01:00','00:00:00','00:00:00',2,'01:12:00'),('1112',32,'2019-10-29',0,'07:54:00','10:59:00','13:09:00','19:00:00','00:00:00','00:00:00',2,'00:56:00'),('1113',6,'2019-10-28',0,'08:00:00','12:00:00','13:55:00','18:02:00','00:00:00','00:00:00',2,'00:07:00'),('1114',6,'2019-10-29',0,'07:55:00','12:00:00','14:00:00','18:05:00','00:00:00','00:00:00',2,'00:10:00'),('1115',11,'2019-10-28',0,'07:49:00','12:01:00','13:54:00','18:16:00','00:00:00','00:00:00',2,'00:34:00'),('1116',11,'2019-10-29',0,'07:59:00','12:00:00','14:06:00','18:01:00','00:00:00','00:00:00',2,'-00:04:00'),('1117',3,'2019-10-28',0,'07:18:00','12:00:00','12:22:00','16:28:00','00:00:00','00:00:00',2,'00:48:00'),('1118',3,'2019-10-29',0,'07:23:00','11:57:00','12:26:00','16:27:00','00:00:00','00:00:00',2,'00:35:00'),('1119',39,'2019-10-28',0,'07:59:00','12:02:00','14:03:00','18:00:00','00:00:00','00:00:00',2,'00:00:00'),('112',3,'2019-10-03',0,'07:17:00','12:01:00','12:25:00','17:49:00','00:00:00','00:00:00',2,'02:08:00'),('1120',39,'2019-10-29',0,'08:01:00','12:23:00','13:53:00','18:03:00','00:00:00','00:00:00',2,'00:32:00'),('1121',38,'2019-10-28',0,'07:59:00','12:03:00','13:59:00','19:01:00','00:00:00','00:00:00',2,'01:06:00'),('1122',38,'2019-10-29',0,'07:58:00','12:02:00','13:59:00','19:01:00','00:00:00','00:00:00',2,'01:06:00'),('1123',2,'2019-10-28',0,'07:46:00','12:00:00','13:44:00','18:57:00','00:00:00','00:00:00',2,'01:27:00'),('1124',2,'2019-10-29',0,'07:42:00','11:54:00','13:35:00','17:28:00','00:00:00','00:00:00',2,'00:05:00'),('1125',35,'2019-10-28',0,'08:07:00','12:01:00','13:58:00','18:28:00','00:00:00','00:00:00',2,'00:24:00'),('1126',35,'2019-10-29',0,'07:56:00','12:00:00','13:18:00','18:17:00','00:00:00','00:00:00',2,'01:03:00'),('1127',33,'2019-10-28',0,'08:09:00','12:28:00','12:59:00','18:00:00','00:00:00','00:00:00',2,'01:20:00'),('1128',33,'2019-10-29',0,'08:10:00','12:00:00','14:04:00','17:55:00','00:00:00','00:00:00',2,'-00:19:00'),('1129',31,'2019-10-28',0,'08:36:00','12:01:00','13:34:00','19:00:00','00:00:00','00:00:00',2,'00:51:00'),('113',3,'2019-10-05',0,'00:00:00','00:00:00','00:00:00','00:00:00','00:00:00','00:00:00',3,'-04:00:00'),('1130',31,'2019-10-29',0,'08:33:00','12:06:00','14:03:00','19:05:00','00:00:00','00:00:00',2,'00:35:00'),('1131',30,'2019-10-28',0,'08:03:00','11:52:00','13:26:00','17:59:00','00:00:00','00:00:00',2,'00:22:00'),('1132',30,'2019-10-29',0,'07:50:00','12:23:00','14:29:00','18:01:00','00:00:00','00:00:00',2,'00:05:00'),('1133',29,'2019-10-28',0,'08:00:00','12:02:00','13:57:00','18:13:00','00:00:00','00:00:00',2,'00:18:00'),('1134',29,'2019-10-29',0,'07:51:00','11:59:00','13:55:00','18:00:00','00:00:00','00:00:00',2,'00:13:00'),('1135',28,'2019-10-28',0,'07:57:00','12:01:00','13:56:00','18:14:00','00:00:00','00:00:00',2,'00:22:00'),('1136',28,'2019-10-29',0,'07:53:00','12:02:00','13:56:00','18:42:00','00:00:00','00:00:00',2,'00:55:00'),('1137',25,'2019-10-28',0,'08:15:00','12:02:00','13:00:00','19:01:00','00:00:00','00:00:00',2,'01:48:00'),('1138',25,'2019-10-29',0,'07:56:00','12:18:00','13:45:00','18:18:00','00:00:00','00:00:00',2,'00:55:00'),('114',3,'2019-10-06',0,'00:00:00','00:00:00','00:00:00','00:00:00','00:00:00','00:00:00',1,'00:00:00'),('1140',26,'2019-10-29',0,'07:59:00','13:04:00','14:27:00','18:36:00','00:00:00','00:00:00',2,'01:14:00'),('1141',24,'2019-10-28',0,'08:11:00','12:00:00','13:06:00','18:05:00','00:00:00','00:00:00',2,'00:48:00'),('1142',24,'2019-10-29',0,'08:13:00','12:00:00','14:05:00','18:07:00','00:00:00','00:00:00',2,'-00:11:00'),('1143',23,'2019-10-28',0,'07:58:00','13:02:00','14:57:00','18:08:00','00:00:00','00:00:00',2,'00:15:00'),('1144',23,'2019-10-29',0,'07:53:00','13:13:00','14:58:00','18:09:00','00:00:00','00:00:00',2,'00:31:00'),('1145',22,'2019-10-28',0,'07:59:00','12:02:00','14:03:00','19:03:00','00:00:00','00:00:00',2,'01:03:00'),('1146',22,'2019-10-29',0,'08:03:00','12:02:00','13:59:00','19:06:00','00:00:00','00:00:00',2,'01:06:00'),('1147',21,'2019-10-28',0,'07:59:00','11:01:00','12:58:00','19:00:00','00:00:00','00:00:00',2,'01:04:00'),('1148',21,'2019-10-29',0,'08:00:00','11:19:00','12:58:00','19:00:00','00:00:00','00:00:00',2,'01:21:00'),('1149',20,'2019-10-28',0,'08:05:00','13:05:00','14:57:00','18:12:00','00:00:00','00:00:00',2,'00:15:00'),('115',11,'2019-10-01',0,'07:55:00','12:03:00','13:06:00','17:49:00','00:00:00','00:00:00',2,'00:51:00'),('1150',20,'2019-10-29',0,'08:21:00','13:08:00','14:59:00','18:05:00','00:00:00','00:00:00',2,'-00:07:00'),('1151',17,'2019-10-28',0,'07:53:00','12:54:00','13:59:00','18:17:00','00:00:00','00:00:00',2,'01:19:00'),('1152',17,'2019-10-29',0,'08:11:00','13:27:00','15:25:00','18:17:00','00:00:00','00:00:00',2,'00:08:00'),('1153',13,'2019-10-28',0,'08:43:00','12:20:00','13:50:00','19:02:00','00:00:00','00:00:00',2,'00:49:00'),('1154',13,'2019-10-29',0,'08:17:00','12:03:00','13:48:00','19:03:00','00:00:00','00:00:00',2,'01:01:00'),('1156',19,'2019-10-29',0,'08:12:00','11:17:00','15:38:00','19:00:00','00:00:00','00:00:00',2,'-01:33:00'),('1157',15,'2019-10-28',0,'07:44:00','12:01:00','14:19:00','18:45:00','00:00:00','00:00:00',2,'00:43:00'),('1158',15,'2019-10-29',0,'07:41:00','12:02:00','14:23:00','18:35:00','00:00:00','00:00:00',2,'00:33:00'),('1159',14,'2019-10-28',0,'08:36:00','12:01:00','14:31:00','18:40:00','00:00:00','00:00:00',2,'-00:26:00'),('116',11,'2019-10-02',0,'08:08:00','12:03:00','13:11:00','18:04:00','00:00:00','00:00:00',2,'00:48:00'),('1160',14,'2019-10-29',0,'08:46:00','12:02:00','14:23:00','18:30:00','00:00:00','00:00:00',2,'-00:37:00'),('1161',12,'2019-10-28',0,'08:13:00','11:01:00','12:59:00','18:01:00','00:00:00','00:00:00',2,'-00:10:00'),('1162',12,'2019-10-29',0,'08:11:00','11:04:00','13:00:00','18:00:00','00:00:00','00:00:00',2,'-00:07:00'),('1163',10,'2019-10-28',0,'08:49:00','12:39:00','13:45:00','18:56:00','00:00:00','00:00:00',2,'01:01:00'),('1164',10,'2019-10-29',0,'08:53:00','13:25:00','14:17:00','19:06:00','00:00:00','00:00:00',2,'01:21:00'),('1165',9,'2019-10-28',0,'08:02:00','12:01:00','13:48:00','18:00:00','00:00:00','00:00:00',2,'00:11:00'),('1166',9,'2019-10-29',0,'07:59:00','12:25:00','13:41:00','18:03:00','00:00:00','00:00:00',2,'00:48:00'),('1167',7,'2019-10-28',0,'08:21:00','12:01:00','13:01:00','18:00:00','00:00:00','00:00:00',2,'00:39:00'),('1168',7,'2019-10-29',0,'08:06:00','12:28:00','13:31:00','17:20:00','00:00:00','00:00:00',2,'00:11:00'),('1169',5,'2019-10-28',0,'07:27:00','12:04:00','13:55:00','18:23:00','00:00:00','00:00:00',2,'01:05:00'),('117',11,'2019-10-03',0,'07:56:00','12:04:00','13:04:00','18:09:00','00:00:00','00:00:00',2,'01:13:00'),('1170',5,'2019-10-29',0,'07:53:00','12:08:00','14:02:00','18:37:00','00:00:00','00:00:00',2,'00:50:00'),('1171',8,'2019-10-26',0,'00:00:00','00:00:00','00:00:00','00:00:00','00:00:00','00:00:00',3,'-04:00:00'),('1172',8,'2019-10-27',0,'00:00:00','00:00:00','00:00:00','00:00:00','00:00:00','00:00:00',1,'00:00:00'),('1173',8,'2019-10-24',0,'07:20:00','12:00:00','13:00:00','18:00:00','00:00:00','00:00:00',2,'01:40:00'),('1174',4,'2019-10-28',0,'07:56:00','12:06:00','13:11:00','18:00:00','00:00:00','00:00:00',2,'00:59:00'),('1175',4,'2019-10-29',0,'08:04:00','12:07:00','14:00:00','18:00:00','00:00:00','00:00:00',2,'00:03:00'),('1176',36,'2019-10-07',0,'08:00:00','12:00:00','13:00:00','18:00:00','00:00:00','00:00:00',2,'01:00:00'),('1177',36,'2019-10-08',0,'08:00:00','12:00:00','13:00:00','18:00:00','00:00:00','00:00:00',2,'01:00:00'),('1179',36,'2019-10-10',0,'08:00:00','12:00:00','13:00:00','18:00:00','00:00:00','00:00:00',2,'01:00:00'),('118',11,'2019-10-05',0,'00:00:00','00:00:00','00:00:00','00:00:00','00:00:00','00:00:00',3,'-04:00:00'),('1180',36,'2019-10-11',0,'08:00:00','12:00:00','13:00:00','18:00:00','00:00:00','00:00:00',2,'01:00:00'),('1182',36,'2019-10-13',0,'00:00:00','00:00:00','00:00:00','00:00:00','00:00:00','00:00:00',1,'00:00:00'),('1183',36,'2019-10-14',0,'08:00:00','12:00:00','13:00:00','18:00:00','00:00:00','00:00:00',2,'01:00:00'),('1184',36,'2019-10-15',0,'08:00:00','12:00:00','13:00:00','18:00:00','00:00:00','00:00:00',2,'01:00:00'),('1185',36,'2019-10-16',0,'08:00:00','12:00:00','13:00:00','18:00:00','00:00:00','00:00:00',2,'01:00:00'),('1186',36,'2019-10-17',0,'08:00:00','12:00:00','13:00:00','18:00:00','00:00:00','00:00:00',2,'01:00:00'),('1187',36,'2019-10-18',0,'08:00:00','12:00:00','13:00:00','18:00:00','00:00:00','00:00:00',2,'01:00:00'),('1188',36,'2019-10-21',0,'08:00:00','12:00:00','13:00:00','18:00:00','00:00:00','00:00:00',1,'09:00:00'),('1189',36,'2019-10-22',0,'08:00:00','12:00:00','13:00:00','18:00:00','00:00:00','00:00:00',2,'01:00:00'),('119',9,'2019-10-06',0,'00:00:00','00:00:00','00:00:00','00:00:00','00:00:00','00:00:00',1,'00:00:00'),('1190',36,'2019-10-23',0,'08:00:00','12:00:00','13:00:00','18:00:00','00:00:00','00:00:00',2,'01:00:00'),('1191',36,'2019-10-24',0,'08:00:00','12:00:00','13:00:00','18:00:00','00:00:00','00:00:00',2,'01:00:00'),('1192',36,'2019-10-25',0,'08:00:00','12:00:00','13:00:00','18:00:00','00:00:00','00:00:00',2,'01:00:00'),('1193',36,'2019-10-26',0,'00:00:00','00:00:00','00:00:00','00:00:00','00:00:00','00:00:00',3,'-04:00:00'),('1194',36,'2019-10-27',0,'00:00:00','00:00:00','00:00:00','00:00:00','00:00:00','00:00:00',1,'00:00:00'),('1195',36,'2019-10-28',0,'08:00:00','12:00:00','13:00:00','18:00:00','00:00:00','00:00:00',2,'01:00:00'),('1196',36,'2019-10-29',0,'08:00:00','12:00:00','13:00:00','18:00:00','00:00:00','00:00:00',2,'01:00:00'),('1197',36,'2019-10-31',0,'08:00:00','12:00:00','13:00:00','18:00:00','00:00:00','00:00:00',2,'01:00:00'),('1198',36,'2019-10-30',0,'08:00:00','12:00:00','13:00:00','18:00:00','00:00:00','00:00:00',2,'01:00:00'),('1199',41,'2019-10-27',0,'00:00:00','00:00:00','00:00:00','00:00:00','00:00:00','00:00:00',1,'00:00:00'),('12',29,'2019-10-03',0,'00:00:00','00:00:00','00:00:00','00:00:00','00:00:00','00:00:00',1,'00:00:00'),('120',39,'2019-10-01',0,'07:58:00','12:06:00','13:22:00','18:26:00','00:00:00','00:00:00',2,'01:12:00'),('1200',41,'2019-10-26',0,'00:00:00','00:00:00','00:00:00','00:00:00','00:00:00','00:00:00',3,'-04:00:00'),('1201',41,'2019-10-25',0,'08:00:00','12:00:00','14:00:00','18:00:00','00:00:00','00:00:00',2,'00:00:00'),('1202',41,'2019-10-23',0,'08:00:00','12:00:00','14:00:00','18:00:00','00:00:00','00:00:00',2,'00:00:00'),('1203',41,'2019-10-24',0,'08:00:00','12:00:00','14:00:00','18:00:00','00:00:00','00:00:00',2,'00:00:00'),('1204',41,'2019-10-28',0,'08:00:00','12:00:00','14:00:00','18:00:00','00:00:00','00:00:00',2,'00:00:00'),('1205',41,'2019-10-29',0,'08:00:00','12:00:00','14:00:00','18:00:00','00:00:00','00:00:00',2,'00:00:00'),('1206',41,'2019-10-30',0,'08:00:00','12:00:00','14:00:00','18:00:00','00:00:00','00:00:00',2,'00:00:00'),('1207',41,'2019-10-31',0,'08:00:00','12:00:00','14:00:00','18:00:00','00:00:00','00:00:00',2,'00:00:00'),('1208',41,'2019-10-22',0,'08:00:00','12:00:00','14:00:00','18:00:00','00:00:00','00:00:00',2,'00:00:00'),('1209',37,'2019-10-30',0,'07:56:00','11:24:00','13:20:00','18:08:00','00:00:00','00:00:00',2,'00:16:00'),('121',39,'2019-10-02',0,'08:00:00','13:53:00','14:53:00','18:07:00','00:00:00','00:00:00',2,'01:07:00'),('1210',37,'2019-10-31',0,'07:44:00','12:28:00','13:56:00','17:22:00','00:00:00','00:00:00',2,'00:10:00'),('1211',40,'2019-10-30',0,'06:56:00','12:41:00','14:00:00','16:55:00','00:00:00','00:00:00',2,'00:40:00'),('1214',18,'2019-10-31',0,'08:17:00','12:02:00','13:06:00','17:22:00','00:00:00','00:00:00',2,'00:01:00'),('1215',32,'2019-10-30',0,'08:02:00','11:02:00','13:22:00','19:00:00','00:00:00','00:00:00',2,'00:38:00'),('1216',32,'2019-10-31',0,'08:02:00','11:00:00','12:57:00','19:00:00','00:00:00','00:00:00',2,'01:01:00'),('1217',6,'2019-10-30',0,'07:58:00','12:00:00','13:58:00','18:00:00','00:00:00','00:00:00',2,'00:04:00'),('1218',6,'2019-10-31',0,'08:12:00','12:08:00','14:03:00','18:02:00','00:00:00','00:00:00',2,'-00:05:00'),('1219',11,'2019-10-30',0,'08:01:00','12:00:00','13:50:00','18:00:00','00:00:00','00:00:00',2,'00:09:00'),('122',39,'2019-10-03',0,'07:52:00','12:09:00','13:44:00','18:12:00','00:00:00','00:00:00',2,'00:45:00'),('1220',11,'2019-10-31',0,'08:11:00','12:01:00','13:58:00','18:00:00','00:00:00','00:00:00',2,'-00:08:00'),('1221',3,'2019-10-30',0,'07:24:00','11:59:00','12:28:00','17:29:00','00:00:00','00:00:00',2,'01:36:00'),('1222',3,'2019-10-31',0,'07:24:00','09:54:00','11:39:00','16:35:00','00:00:00','00:00:00',2,'-00:34:00'),('1223',39,'2019-10-30',0,'07:59:00','12:00:00','14:00:00','18:15:00','00:00:00','00:00:00',2,'00:16:00'),('1224',39,'2019-10-31',0,'08:00:00','12:00:00','14:00:00','18:00:00','00:00:00','00:00:00',2,'00:00:00'),('1225',38,'2019-10-30',0,'07:57:00','12:19:00','13:58:00','18:57:00','00:00:00','00:00:00',2,'01:21:00'),('1226',38,'2019-10-31',0,'08:00:00','12:05:00','13:58:00','19:00:00','00:00:00','00:00:00',2,'01:07:00'),('1227',2,'2019-10-30',0,'07:46:00','11:57:00','13:36:00','19:02:00','00:00:00','00:00:00',2,'01:37:00'),('1228',2,'2019-10-31',0,'07:50:00','11:51:00','13:41:00','18:07:00','00:00:00','00:00:00',2,'00:27:00'),('1229',35,'2019-10-30',0,'07:53:00','12:00:00','13:55:00','18:24:00','00:00:00','00:00:00',2,'00:36:00'),('122d9a3d8ed4f1256487cfea1b1cca0c6e5814ef',34,'2019-11-01',0,'00:00:00','00:00:00','00:00:00','00:00:00','00:00:00','00:00:00',1,'00:00:00'),('123',39,'2019-10-05',0,'00:00:00','00:00:00','00:00:00','00:00:00','00:00:00','00:00:00',3,'-04:00:00'),('1230',35,'2019-10-31',0,'07:52:00','12:16:00','13:16:00','18:06:00','00:00:00','00:00:00',2,'01:14:00'),('1231',33,'2019-10-30',0,'08:37:00','11:41:00','13:39:00','17:58:00','00:00:00','00:00:00',2,'-00:37:00'),('1232',33,'2019-10-31',0,'08:05:00','11:49:00','13:32:00','17:59:00','00:00:00','00:00:00',2,'00:11:00'),('1233',31,'2019-10-30',0,'08:33:00','12:12:00','14:08:00','19:01:00','00:00:00','00:00:00',2,'00:32:00'),('1234',31,'2019-10-31',0,'08:30:00','12:08:00','14:02:00','18:53:00','00:00:00','00:00:00',2,'00:29:00'),('1235',30,'2019-10-30',0,'07:49:00','12:12:00','13:18:00','18:00:00','00:00:00','00:00:00',2,'01:05:00'),('1236',30,'2019-10-31',0,'07:52:00','12:03:00','13:34:00','18:01:00','00:00:00','00:00:00',2,'00:38:00'),('1237',28,'2019-10-30',0,'07:57:00','12:26:00','13:57:00','18:00:00','00:00:00','00:00:00',2,'00:32:00'),('1238',28,'2019-10-31',0,'07:52:00','12:00:00','13:59:00','18:11:00','00:00:00','00:00:00',2,'00:20:00'),('1239',29,'2019-10-30',0,'07:56:00','11:58:00','13:58:00','18:03:00','00:00:00','00:00:00',2,'00:07:00'),('124',36,'2019-10-06',0,'00:00:00','00:00:00','00:00:00','00:00:00','00:00:00','00:00:00',1,'00:00:00'),('1240',29,'2019-10-31',0,'08:05:00','12:00:00','13:59:00','18:00:00','00:00:00','00:00:00',2,'-00:04:00'),('1241',25,'2019-10-30',0,'08:11:00','12:37:00','13:58:00','19:02:00','00:00:00','00:00:00',2,'01:30:00'),('1242',25,'2019-10-31',0,'08:13:00','12:00:00','13:34:00','18:40:00','00:00:00','00:00:00',2,'00:53:00'),('1243',26,'2019-10-30',0,'08:07:00','13:17:00','14:37:00','18:30:00','00:00:00','00:00:00',2,'01:03:00'),('1244',26,'2019-10-31',0,'08:10:00','13:09:00','14:32:00','18:47:00','00:00:00','00:00:00',2,'01:14:00'),('1245',24,'2019-10-30',0,'08:04:00','12:00:00','13:59:00','18:08:00','00:00:00','00:00:00',2,'00:05:00'),('1246',24,'2019-10-31',0,'08:02:00','12:49:00','18:00:00','00:00:00','00:00:00','00:00:00',2,'02:47:00'),('1247',23,'2019-10-30',0,'07:58:00','13:06:00','14:50:00','18:24:00','00:00:00','00:00:00',2,'00:42:00'),('1248',23,'2019-10-31',0,'07:59:00','13:01:00','14:54:00','18:12:00','00:00:00','00:00:00',2,'00:20:00'),('1249',22,'2019-10-30',0,'08:00:00','12:01:00','13:56:00','19:01:00','00:00:00','00:00:00',2,'01:06:00'),('125',38,'2019-10-01',0,'07:52:00','12:03:00','14:00:00','19:04:00','00:00:00','00:00:00',2,'01:15:00'),('1250',22,'2019-10-31',0,'07:53:00','12:09:00','14:07:00','19:01:00','00:00:00','00:00:00',2,'01:10:00'),('1251',21,'2019-10-30',0,'07:57:00','11:09:00','12:58:00','19:00:00','00:00:00','00:00:00',2,'01:14:00'),('1252',21,'2019-10-31',0,'08:11:00','12:15:00','12:59:00','19:00:00','00:00:00','00:00:00',2,'02:05:00'),('1253',20,'2019-10-30',0,'07:45:00','13:06:00','15:00:00','18:01:00','00:00:00','00:00:00',2,'00:22:00'),('1254',20,'2019-10-31',0,'08:05:00','13:42:00','15:20:00','18:15:00','00:00:00','00:00:00',2,'00:32:00'),('1255',19,'2019-10-30',0,'08:00:00','13:01:00','15:07:00','19:01:00','00:00:00','00:00:00',2,'00:55:00'),('1256',19,'2019-10-31',0,'08:12:00','13:02:00','15:10:00','18:51:00','00:00:00','00:00:00',2,'00:31:00'),('1257',17,'2019-10-30',0,'13:49:00','14:55:00','18:09:00','00:00:00','00:00:00','00:00:00',2,'-01:03:00'),('1258',17,'2019-10-31',0,'08:52:00','13:04:00','15:23:00','18:50:00','00:00:00','00:00:00',2,'-00:21:00'),('1259',13,'2019-10-30',0,'08:26:00','12:01:00','13:59:00','19:00:00','00:00:00','00:00:00',2,'00:36:00'),('126',38,'2019-10-02',0,'07:59:00','12:03:00','13:58:00','19:03:00','00:00:00','00:00:00',2,'01:09:00'),('1260',13,'2019-10-31',0,'08:11:00','12:10:00','14:09:00','18:56:00','00:00:00','00:00:00',2,'00:46:00'),('1261',1,'2019-10-30',0,'07:37:00','12:00:00','13:54:00','17:57:00','00:00:00','00:00:00',2,'00:26:00'),('1262',1,'2019-10-31',0,'07:48:00','12:15:00','13:38:00','17:51:00','00:00:00','00:00:00',2,'00:40:00'),('1263',15,'2019-10-30',0,'08:20:00','12:13:00','13:54:00','18:06:00','00:00:00','00:00:00',2,'00:05:00'),('1264',15,'2019-10-31',0,'07:44:00','12:22:00','13:57:00','18:41:00','00:00:00','00:00:00',2,'01:22:00'),('1265',14,'2019-10-30',0,'07:19:00','12:23:00','14:18:00','19:01:00','00:00:00','00:00:00',2,'01:47:00'),('1266',14,'2019-10-31',0,'08:18:00','12:11:00','14:22:00','18:17:00','00:00:00','00:00:00',2,'-00:12:00'),('1267',12,'2019-10-30',0,'08:02:00','11:02:00','12:58:00','18:02:00','00:00:00','00:00:00',2,'00:04:00'),('1268',12,'2019-10-31',0,'08:10:00','12:59:00','18:01:00','00:00:00','00:00:00','00:00:00',2,'02:48:00'),('127',38,'2019-10-03',0,'08:00:00','12:02:00','14:00:00','19:03:00','00:00:00','00:00:00',2,'01:05:00'),('1270',10,'2019-10-31',0,'09:08:00','13:01:00','14:00:00','18:55:00','00:00:00','00:00:00',2,'00:48:00'),('1273',5,'2019-10-30',0,'07:55:00','12:17:00','13:59:00','18:46:00','00:00:00','00:00:00',2,'01:09:00'),('1274',5,'2019-10-31',0,'07:53:00','12:01:00','13:58:00','18:17:00','00:00:00','00:00:00',2,'00:27:00'),('1275',8,'2019-10-30',0,'03:19:00','07:58:00','12:04:00','13:58:00','18:56:00','00:00:00',2,'03:37:00'),('1276',8,'2019-10-31',0,'08:18:00','12:17:00','14:00:00','18:57:00','00:00:00','00:00:00',2,'00:56:00'),('1277',4,'2019-10-30',0,'08:04:00','12:19:00','13:18:00','18:05:00','00:00:00','00:00:00',2,'01:02:00'),('1278',4,'2019-10-31',0,'08:12:00','12:10:00','13:32:00','18:01:00','00:00:00','00:00:00',2,'00:27:00'),('1279',30,'2019-10-08',0,'07:48:00','12:10:00','13:33:00','18:00:00','00:00:00','00:00:00',2,'00:49:00'),('128',38,'2019-10-05',0,'09:03:00','13:08:00','13:08:00','13:08:00','00:00:00','00:00:00',3,'00:05:00'),('1280',10,'2019-10-30',0,'08:38:00','13:04:00','13:57:00','19:03:00','00:00:00','00:00:00',2,'01:32:00'),('1281',9,'2019-10-08',0,'07:50:00','12:00:00','13:10:00','18:20:00','00:00:00','00:00:00',2,'01:20:00'),('1282',9,'2019-10-09',0,'08:45:00','12:00:00','13:10:00','18:00:00','00:00:00','00:00:00',2,'00:05:00'),('1283',7,'2019-10-30',0,'08:20:00','12:05:00','13:57:00','18:07:00','00:00:00','00:00:00',2,'-00:05:00'),('1285',18,'2019-10-30',0,'08:12:00','12:00:00','13:10:00','17:24:00','00:00:00','00:00:00',2,'00:02:00'),('1286',7,'2019-10-31',0,'08:07:00','12:17:00','14:00:00','18:00:00','00:00:00','00:00:00',2,'00:10:00'),('1287',39,'2019-10-06',0,'00:00:00','00:00:00','00:00:00','00:00:00','00:00:00','00:00:00',1,'00:00:00'),('1288',39,'2019-10-10',0,'07:57:00','11:59:00','13:59:00','18:21:00','00:00:00','00:00:00',2,'00:24:00'),('129',38,'2019-10-06',0,'00:00:00','00:00:00','00:00:00','00:00:00','00:00:00','00:00:00',1,'00:00:00'),('13',29,'2019-10-04',0,'00:00:00','00:00:00','00:00:00','00:00:00','00:00:00','00:00:00',1,'00:00:00'),('130',35,'2019-10-01',0,'07:53:00','12:07:00','14:00:00','18:03:00','00:00:00','00:00:00',2,'00:17:00'),('131',35,'2019-10-02',0,'07:48:00','12:13:00','13:33:00','18:00:00','00:00:00','00:00:00',2,'00:52:00'),('1316dc994e7eed19f45874c6a142f0dcde706fb8',6,'2019-11-02',0,'00:00:00','00:00:00','00:00:00','00:00:00','00:00:00','00:00:00',5,'00:00:00'),('132',35,'2019-10-03',0,'07:49:00','13:09:00','13:36:00','18:03:00','00:00:00','00:00:00',2,'01:47:00'),('133',35,'2019-10-05',0,'00:00:00','00:00:00','00:00:00','00:00:00','00:00:00','00:00:00',3,'-04:00:00'),('134',35,'2019-10-06',0,'00:00:00','00:00:00','00:00:00','00:00:00','00:00:00','00:00:00',1,'00:00:00'),('135',20,'2019-10-01',0,'07:55:00','13:00:00','15:03:00','18:49:00','00:00:00','00:00:00',2,'00:51:00'),('136',20,'2019-10-02',0,'08:26:00','13:00:00','15:04:00','18:58:00','00:00:00','00:00:00',2,'00:28:00'),('1368695ca2120b59174c76680bcee94ad4f4d2a8',9,'2019-11-01',0,'08:05:00','12:04:00','14:01:00','18:06:00','00:00:00','00:00:00',2,'00:04:00'),('137',20,'2019-10-03',0,'07:49:00','13:00:00','14:55:00','18:06:00','00:00:00','00:00:00',2,'00:22:00'),('138',20,'2019-10-05',0,'07:58:00','13:08:00','13:08:00','13:08:00','00:00:00','00:00:00',3,'01:10:00'),('139',20,'2019-10-06',0,'00:00:00','00:00:00','00:00:00','00:00:00','00:00:00','00:00:00',1,'00:00:00'),('13e244d20b1aa9c3c164056ba3c94a4bf1978fbc',25,'2019-11-03',0,'00:00:00','00:00:00','00:00:00','00:00:00','00:00:00','00:00:00',1,'00:00:00'),('14',29,'2019-10-05',0,'00:00:00','00:00:00','00:00:00','00:00:00','00:00:00','00:00:00',1,'00:00:00'),('140',10,'2019-10-01',0,'07:16:00','12:52:00','14:25:00','18:26:00','00:00:00','00:00:00',2,'01:37:00'),('141',10,'2019-10-02',0,'09:03:00','13:00:00','14:22:00','19:05:00','00:00:00','00:00:00',2,'00:40:00'),('142',10,'2019-10-03',0,'09:09:00','13:38:00','15:17:00','19:04:00','00:00:00','00:00:00',2,'00:16:00'),('143',10,'2019-10-05',0,'09:13:00','12:04:00','12:04:00','12:04:00','00:00:00','00:00:00',3,'-01:09:00'),('144',10,'2019-10-06',0,'00:00:00','00:00:00','00:00:00','00:00:00','00:00:00','00:00:00',1,'00:00:00'),('145',22,'2019-10-01',0,'07:58:00','12:18:00','14:01:00','19:04:00','00:00:00','00:00:00',2,'01:23:00'),('146',22,'2019-10-02',0,'08:05:00','12:03:00','13:58:00','19:07:00','00:00:00','00:00:00',2,'01:07:00'),('147',22,'2019-10-03',0,'07:59:00','12:08:00','14:01:00','19:03:00','00:00:00','00:00:00',2,'01:11:00'),('148',22,'2019-10-05',0,'00:00:00','00:00:00','00:00:00','00:00:00','00:00:00','00:00:00',3,'-04:00:00'),('149',22,'2019-10-06',0,'00:00:00','00:00:00','00:00:00','00:00:00','00:00:00','00:00:00',1,'00:00:00'),('15',29,'2019-10-06',0,'00:00:00','00:00:00','00:00:00','00:00:00','00:00:00','00:00:00',1,'00:00:00'),('150',18,'2019-10-01',0,'08:09:00','12:03:00','13:00:00','18:10:00','00:00:00','00:00:00',2,'01:04:00'),('151',18,'2019-10-02',0,'08:14:00','12:03:00','13:02:00','18:09:00','00:00:00','00:00:00',2,'00:56:00'),('152',18,'2019-10-03',0,'08:10:00','12:05:00','12:59:00','18:14:00','00:00:00','00:00:00',2,'01:10:00'),('153',18,'2019-10-05',0,'00:00:00','00:00:00','00:00:00','00:00:00','00:00:00','00:00:00',3,'-04:00:00'),('154',18,'2019-10-06',0,'00:00:00','00:00:00','00:00:00','00:00:00','00:00:00','00:00:00',1,'00:00:00'),('155',25,'2019-10-01',0,'08:02:00','12:31:00','13:48:00','18:47:00','00:00:00','00:00:00',2,'01:28:00'),('156',25,'2019-10-02',0,'08:18:00','12:37:00','13:08:00','18:34:00','00:00:00','00:00:00',2,'01:45:00'),('157',25,'2019-10-03',0,'08:21:00','12:24:00','14:00:00','18:20:00','00:00:00','00:00:00',2,'00:23:00'),('158',25,'2019-10-05',0,'00:00:00','00:00:00','00:00:00','00:00:00','00:00:00','00:00:00',3,'-04:00:00'),('159',25,'2019-10-06',0,'00:00:00','00:00:00','00:00:00','00:00:00','00:00:00','00:00:00',1,'00:00:00'),('16',30,'2019-10-01',0,'08:00:00','12:02:00','13:22:00','17:58:00','00:00:00','00:00:00',2,'00:38:00'),('160',19,'2019-10-01',0,'08:05:00','12:16:00','13:59:00','19:05:00','00:00:00','00:00:00',2,'01:17:00'),('161',19,'2019-10-02',0,'08:19:00','13:04:00','15:18:00','19:07:00','00:00:00','00:00:00',2,'00:34:00'),('162',19,'2019-10-03',0,'08:24:00','13:09:00','15:13:00','18:57:00','00:00:00','00:00:00',2,'00:29:00'),('163',19,'2019-10-04',0,'08:00:00','12:00:00','14:00:00','18:00:00','00:00:00','00:00:00',6,'00:00:00'),('164',19,'2019-10-06',0,'00:00:00','00:00:00','00:00:00','00:00:00','00:00:00','00:00:00',1,'00:00:00'),('165',13,'2019-10-01',0,'08:39:00','12:04:00','14:02:00','19:04:00','00:00:00','00:00:00',2,'00:27:00'),('166',13,'2019-10-02',0,'08:39:00','12:00:00','13:57:00','19:04:00','00:00:00','00:00:00',2,'00:28:00'),('167',13,'2019-10-03',0,'08:33:00','12:03:00','14:01:00','19:03:00','00:00:00','00:00:00',2,'00:32:00'),('168',13,'2019-10-05',0,'00:00:00','00:00:00','00:00:00','00:00:00','00:00:00','00:00:00',3,'-04:00:00'),('169',13,'2019-10-06',0,'00:00:00','00:00:00','00:00:00','00:00:00','00:00:00','00:00:00',1,'00:00:00'),('17',30,'2019-10-02',0,'07:44:00','12:13:00','12:57:00','18:01:00','00:00:00','00:00:00',2,'01:33:00'),('170',15,'2019-10-01',0,'08:34:00','12:09:00','13:49:00','19:04:00','00:00:00','00:00:00',2,'00:50:00'),('171',15,'2019-10-02',0,'08:31:00','12:04:00','13:23:00','19:05:00','00:00:00','00:00:00',2,'01:15:00'),('172',15,'2019-10-03',0,'08:39:00','12:00:00','13:50:00','18:41:00','00:00:00','00:00:00',2,'00:12:00'),('173',15,'2019-10-05',0,'00:00:00','00:00:00','00:00:00','00:00:00','00:00:00','00:00:00',3,'-04:00:00'),('174',15,'2019-10-06',0,'00:00:00','00:00:00','00:00:00','00:00:00','00:00:00','00:00:00',1,'00:00:00'),('17424275448d7365fd78583b2bc61eb1136a624b',8,'2019-11-02',0,'00:00:00','00:00:00','00:00:00','00:00:00','00:00:00','00:00:00',5,'00:00:00'),('175',14,'2019-10-01',0,'00:00:00','00:00:00','00:00:00','00:00:00','00:00:00','00:00:00',1,'00:00:00'),('176',14,'2019-10-02',0,'08:18:00','12:03:00','14:40:00','18:34:00','00:00:00','00:00:00',2,'-00:21:00'),('177',14,'2019-10-03',0,'08:21:00','12:10:00','14:59:00','18:20:00','00:00:00','00:00:00',2,'-00:50:00'),('178',14,'2019-10-05',0,'00:00:00','00:00:00','00:00:00','00:00:00','00:00:00','00:00:00',3,'-04:00:00'),('179',14,'2019-10-06',0,'00:00:00','00:00:00','00:00:00','00:00:00','00:00:00','00:00:00',1,'00:00:00'),('18',30,'2019-10-03',0,'07:56:00','11:50:00','13:48:00','18:00:00','00:00:00','00:00:00',2,'00:06:00'),('180',31,'2019-10-01',0,'08:31:00','12:10:00','14:04:00','19:04:00','00:00:00','00:00:00',2,'00:39:00'),('181',31,'2019-10-02',0,'08:35:00','12:04:00','14:38:00','19:06:00','00:00:00','00:00:00',2,'-00:03:00'),('182',31,'2019-10-03',0,'08:37:00','13:02:00','14:24:00','19:04:00','00:00:00','00:00:00',2,'01:05:00'),('183',31,'2019-10-05',0,'08:53:00','13:05:00','13:05:00','13:05:00','00:00:00','00:00:00',3,'00:12:00'),('184',31,'2019-10-06',0,'00:00:00','00:00:00','00:00:00','00:00:00','00:00:00','00:00:00',1,'00:00:00'),('185',1,'2019-10-04',0,'07:45:00','12:02:00','13:35:00','18:00:00','00:00:00','00:00:00',2,'00:42:00'),('186',37,'2019-10-04',0,'07:59:00','12:26:00','13:02:00','17:35:00','00:00:00','00:00:00',2,'01:00:00'),('187',37,'2019-10-03',0,'07:43:00','12:30:00','13:03:00','17:29:00','00:00:00','00:00:00',2,'01:13:00'),('188',40,'2019-10-04',0,'06:47:00','12:02:00','14:00:00','17:00:00','00:00:00','00:00:00',2,'00:15:00'),('189',6,'2019-10-04',0,'07:59:00','12:02:00','14:00:00','18:03:00','00:00:00','00:00:00',2,'00:06:00'),('19',30,'2019-10-05',0,'00:00:00','00:00:00','00:00:00','00:00:00','00:00:00','00:00:00',3,'-04:00:00'),('190',18,'2019-10-04',0,'08:23:00','12:01:00','13:01:00','18:40:00','00:00:00','00:00:00',2,'01:17:00'),('191',3,'2019-10-04',0,'07:20:00','11:56:00','14:23:00','16:32:00','00:00:00','00:00:00',2,'-01:15:00'),('192',39,'2019-10-04',0,'08:01:00','12:10:00','14:10:00','18:11:00','00:00:00','00:00:00',2,'00:10:00'),('193',38,'2019-10-04',0,'07:59:00','12:11:00','14:03:00','19:02:00','00:00:00','00:00:00',2,'01:11:00'),('194',35,'2019-10-04',0,'04:03:00','12:02:00','13:59:00','18:03:00','00:00:00','00:00:00',2,'04:03:00'),('195',33,'2019-10-04',0,'08:12:00','12:01:00','14:02:00','17:56:00','00:00:00','00:00:00',2,'-00:17:00'),('196',31,'2019-10-04',0,'08:41:00','12:00:00','14:03:00','19:00:00','00:00:00','00:00:00',2,'00:16:00'),('197',30,'2019-10-04',0,'07:54:00','12:01:00','13:30:00','17:56:00','00:00:00','00:00:00',2,'00:33:00'),('198',28,'2019-10-04',0,'07:57:00','12:05:00','13:50:00','18:09:00','00:00:00','00:00:00',2,'00:27:00'),('199',28,'2019-10-05',0,'07:58:00','13:07:00','13:07:00','13:07:00','00:00:00','00:00:00',3,'01:09:00'),('199fc089f99eedd1cfbfd5eb43ade3bca67185a0',40,'2019-10-03',0,'06:53:00','12:00:00','14:00:00','17:00:00','00:00:00','00:00:00',2,'00:07:00'),('1cd63b1e5e602fcedcc8953b96f8e6cae79ee110',38,'2019-11-02',0,'00:00:00','00:00:00','00:00:00','00:00:00','00:00:00','00:00:00',5,'00:00:00'),('2',1,'2019-10-02',0,'07:52:00','12:07:00','13:12:00','18:04:00','00:00:00','00:00:00',2,'01:07:00'),('20',30,'2019-10-06',0,'00:00:00','00:00:00','00:00:00','00:00:00','00:00:00','00:00:00',1,'00:00:00'),('200',27,'2019-10-04',0,'08:09:00','12:01:00','15:57:00','18:02:00','00:00:00','00:00:00',2,'-02:03:00'),('202',23,'2019-10-04',0,'08:03:00','13:04:00','15:00:00','18:10:00','00:00:00','00:00:00',2,'00:11:00'),('203',22,'2019-10-04',0,'08:05:00','12:03:00','14:05:00','19:03:00','00:00:00','00:00:00',2,'00:56:00'),('204',21,'2019-10-04',0,'08:05:00','11:11:00','13:00:00','19:01:00','00:00:00','00:00:00',2,'01:07:00'),('205',17,'2019-10-04',0,'08:15:00','13:19:00','15:07:00','18:26:00','00:00:00','00:00:00',2,'00:23:00'),('206',15,'2019-10-04',0,'08:38:00','12:09:00','13:38:00','18:17:00','00:00:00','00:00:00',2,'00:10:00'),('207',12,'2019-10-04',0,'07:58:00','11:13:00','13:00:00','18:03:00','00:00:00','00:00:00',2,'00:18:00'),('208',7,'2019-10-04',0,'08:00:00','12:22:00','14:01:00','18:44:00','00:00:00','00:00:00',2,'01:05:00'),('209',5,'2019-10-04',0,'07:49:00','12:10:00','13:55:00','18:12:00','00:00:00','00:00:00',2,'00:38:00'),('21',34,'2019-10-01',0,'07:54:00','12:04:00','13:07:00','18:01:00','00:00:00','00:00:00',2,'01:04:00'),('210',4,'2019-10-04',0,'08:03:00','12:10:00','13:56:00','18:14:00','00:00:00','00:00:00',2,'00:25:00'),('211',32,'2019-10-04',0,'08:36:00','11:00:00','13:11:00','19:02:00','00:00:00','00:00:00',2,'00:15:00'),('212',11,'2019-10-04',0,'08:00:00','10:44:00','11:30:00','12:01:00','13:02:00','17:23:00',2,'-00:24:00'),('213',2,'2019-10-04',0,'07:57:00','11:50:00','13:33:00','18:34:00','00:00:00','00:00:00',2,'00:54:00'),('214',34,'2019-10-04',0,'07:55:00','12:02:00','14:00:00','18:04:00','00:00:00','00:00:00',2,'00:11:00'),('215',25,'2019-10-04',0,'08:24:00','12:26:00','14:01:00','18:06:00','00:00:00','00:00:00',2,'00:07:00'),('216',24,'2019-10-04',0,'07:55:00','13:01:00','15:08:00','18:02:00','00:00:00','00:00:00',2,'00:00:00'),('217',20,'2019-10-04',0,'08:08:00','13:11:00','14:38:00','18:44:00','00:00:00','00:00:00',2,'01:09:00'),('218',16,'2019-10-04',0,'08:01:00','12:02:00','14:02:00','18:02:00','00:00:00','00:00:00',2,'00:01:00'),('219',13,'2019-10-04',0,'08:44:00','12:01:00','14:01:00','19:03:00','00:00:00','00:00:00',2,'00:19:00'),('21bd0ad54716258885437d38f421761af68c4286',32,'2019-11-03',0,'00:00:00','00:00:00','00:00:00','00:00:00','00:00:00','00:00:00',1,'00:00:00'),('21c589707d9ae441a25e4d67c4aa2030aad3b256',37,'2019-11-01',0,'07:45:00','11:30:00','13:07:00','17:26:00','00:00:00','00:00:00',2,'00:04:00'),('22',34,'2019-10-02',0,'07:56:00','12:00:00','13:05:00','18:02:00','00:00:00','00:00:00',2,'01:01:00'),('220',14,'2019-10-04',0,'08:24:00','12:27:00','14:31:00','18:06:00','00:00:00','00:00:00',2,'-00:22:00'),('221',10,'2019-10-04',0,'08:59:00','12:00:00','13:53:00','18:32:00','00:00:00','00:00:00',2,'-00:20:00'),('222',8,'2019-10-04',0,'08:00:00','12:36:00','14:01:00','18:52:00','00:00:00','00:00:00',2,'01:27:00'),('223',41,'2019-10-01',0,'08:00:00','12:00:00','13:00:00','18:00:00','00:00:00','00:00:00',2,'01:00:00'),('224',41,'2019-10-02',0,'08:00:00','12:00:00','13:00:00','18:00:00','00:00:00','00:00:00',2,'01:00:00'),('225',41,'2019-10-03',0,'08:00:00','12:00:00','13:00:00','18:00:00','00:00:00','00:00:00',2,'01:00:00'),('226',41,'2019-10-04',0,'08:00:00','12:00:00','14:00:00','18:00:00','00:00:00','00:00:00',2,'00:00:00'),('227',41,'2019-10-05',0,'00:00:00','00:00:00','00:00:00','00:00:00','00:00:00','00:00:00',3,'-04:00:00'),('228',41,'2019-11-02',0,'00:00:00','00:00:00','00:00:00','00:00:00','00:00:00','00:00:00',5,'00:00:00'),('229',41,'2019-10-06',0,'00:00:00','00:00:00','00:00:00','00:00:00','00:00:00','00:00:00',1,'00:00:00'),('22afd15da907e8dd03d3439f02bb265ef9f8b786',22,'2019-11-04',0,'07:55:00','12:02:00','13:59:00','18:00:00','00:00:00','00:00:00',2,'00:08:00'),('22d55977365322b4c9ba8a35a8e9089cbb3ed1f7',23,'2019-11-02',0,'00:00:00','00:00:00','00:00:00','00:00:00','00:00:00','00:00:00',5,'00:00:00'),('23',34,'2019-10-03',0,'08:00:00','12:03:00','13:06:00','18:02:00','00:00:00','00:00:00',2,'00:59:00'),('230',36,'2019-10-01',0,'08:00:00','12:00:00','13:00:00','18:00:00','00:00:00','00:00:00',2,'01:00:00'),('231',9,'2019-10-01',0,'08:00:00','12:00:00','13:00:00','18:00:00','00:00:00','00:00:00',2,'01:00:00'),('232',9,'2019-10-02',0,'08:00:00','12:00:00','13:00:00','18:00:00','00:00:00','00:00:00',2,'01:00:00'),('233',9,'2019-10-03',0,'07:58:00','12:00:00','13:00:00','18:00:00','00:00:00','00:00:00',2,'01:02:00'),('234',9,'2019-10-04',0,'08:00:00','12:00:00','12:30:00','17:40:00','00:00:00','00:00:00',2,'01:10:00'),('2348d769d05a078be7fc8bd64066b4738f06defe',20,'2019-11-01',0,'08:14:00','13:00:00','14:55:00','18:20:00','00:00:00','00:00:00',2,'00:11:00'),('235',9,'2019-10-05',0,'00:00:00','00:00:00','00:00:00','00:00:00','00:00:00','00:00:00',3,'-04:00:00'),('236',36,'2019-10-02',0,'08:00:00','12:00:00','13:00:00','18:00:00','00:00:00','00:00:00',2,'01:00:00'),('237',36,'2019-10-04',0,'08:00:00','12:00:00','13:00:00','18:00:00','00:00:00','00:00:00',2,'01:00:00'),('238',36,'2019-10-03',0,'08:00:00','12:00:00','13:00:00','18:00:00','00:00:00','00:00:00',2,'01:00:00'),('239',36,'2019-10-05',0,'00:00:00','00:00:00','00:00:00','00:00:00','00:00:00','00:00:00',3,'-04:00:00'),('24',34,'2019-10-05',0,'00:00:00','00:00:00','00:00:00','00:00:00','00:00:00','00:00:00',3,'-04:00:00'),('240',3,'2019-10-12',0,'00:00:00','00:00:00','00:00:00','00:00:00','00:00:00','00:00:00',5,'00:00:00'),('241',3,'2019-10-13',0,'00:00:00','00:00:00','00:00:00','00:00:00','00:00:00','00:00:00',1,'00:00:00'),('242',4,'2019-10-12',0,'00:00:00','00:00:00','00:00:00','00:00:00','00:00:00','00:00:00',5,'00:00:00'),('243',4,'2019-10-13',0,'00:00:00','00:00:00','00:00:00','00:00:00','00:00:00','00:00:00',1,'00:00:00'),('244',8,'2019-10-12',0,'00:00:00','00:00:00','00:00:00','00:00:00','00:00:00','00:00:00',5,'00:00:00'),('245',8,'2019-10-13',0,'00:00:00','00:00:00','00:00:00','00:00:00','00:00:00','00:00:00',1,'00:00:00'),('246',6,'2019-10-12',0,'00:00:00','00:00:00','00:00:00','00:00:00','00:00:00','00:00:00',5,'00:00:00'),('247',6,'2019-10-13',0,'00:00:00','00:00:00','00:00:00','00:00:00','00:00:00','00:00:00',1,'00:00:00'),('248',5,'2019-10-12',0,'00:00:00','00:00:00','00:00:00','00:00:00','00:00:00','00:00:00',5,'00:00:00'),('249',5,'2019-10-13',0,'00:00:00','00:00:00','00:00:00','00:00:00','00:00:00','00:00:00',1,'00:00:00'),('24a437dae2805cc03ea7ac8d922f9a4d46d31a02',23,'2019-11-01',0,'07:59:00','13:12:00','14:54:00','18:24:00','00:00:00','00:00:00',2,'00:43:00'),('25',34,'2019-10-06',0,'00:00:00','00:00:00','00:00:00','00:00:00','00:00:00','00:00:00',1,'00:00:00'),('250',6,'2019-12-13',0,'00:00:00','00:00:00','00:00:00','00:00:00','00:00:00','00:00:00',1,'00:00:00'),('251',7,'2019-10-12',0,'00:00:00','00:00:00','00:00:00','00:00:00','00:00:00','00:00:00',5,'00:00:00'),('252',7,'2019-10-13',0,'00:00:00','00:00:00','00:00:00','00:00:00','00:00:00','00:00:00',1,'00:00:00'),('253',9,'2019-10-12',0,'00:00:00','00:00:00','00:00:00','00:00:00','00:00:00','00:00:00',5,'00:00:00'),('254',9,'2019-10-13',0,'00:00:00','00:00:00','00:00:00','00:00:00','00:00:00','00:00:00',1,'00:00:00'),('255',10,'2019-10-12',0,'00:00:00','00:00:00','00:00:00','00:00:00','00:00:00','00:00:00',5,'00:00:00'),('256',10,'2019-10-13',0,'00:00:00','00:00:00','00:00:00','00:00:00','00:00:00','00:00:00',1,'00:00:00'),('257',11,'2019-10-12',0,'00:00:00','00:00:00','00:00:00','00:00:00','00:00:00','00:00:00',5,'00:00:00'),('258',11,'2019-10-13',0,'00:00:00','00:00:00','00:00:00','00:00:00','00:00:00','00:00:00',1,'00:00:00'),('259',12,'2019-10-12',0,'00:00:00','00:00:00','00:00:00','00:00:00','00:00:00','00:00:00',5,'00:00:00'),('260',12,'2019-10-13',0,'00:00:00','00:00:00','00:00:00','00:00:00','00:00:00','00:00:00',1,'00:00:00'),('261',14,'2019-10-12',0,'00:00:00','00:00:00','00:00:00','00:00:00','00:00:00','00:00:00',5,'00:00:00'),('262',14,'2019-10-13',0,'00:00:00','00:00:00','00:00:00','00:00:00','00:00:00','00:00:00',1,'00:00:00'),('263',15,'2019-10-12',0,'00:00:00','00:00:00','00:00:00','00:00:00','00:00:00','00:00:00',5,'00:00:00'),('264',15,'2019-10-13',0,'00:00:00','00:00:00','00:00:00','00:00:00','00:00:00','00:00:00',1,'00:00:00'),('265',1,'2019-10-12',0,'00:00:00','00:00:00','00:00:00','00:00:00','00:00:00','00:00:00',5,'00:00:00'),('266',1,'2019-10-13',0,'00:00:00','00:00:00','00:00:00','00:00:00','00:00:00','00:00:00',1,'00:00:00'),('267',13,'2019-10-12',0,'00:00:00','00:00:00','00:00:00','00:00:00','00:00:00','00:00:00',5,'00:00:00'),('268',13,'2019-10-13',0,'00:00:00','00:00:00','00:00:00','00:00:00','00:00:00','00:00:00',1,'00:00:00'),('269',17,'2019-10-12',0,'00:00:00','00:00:00','00:00:00','00:00:00','00:00:00','00:00:00',5,'00:00:00'),('27',33,'2019-10-02',0,'08:13:00','12:11:00','12:42:00','18:02:00','00:00:00','00:00:00',2,'01:18:00'),('270',17,'2019-10-13',0,'00:00:00','00:00:00','00:00:00','00:00:00','00:00:00','00:00:00',1,'00:00:00'),('271',18,'2019-10-12',0,'00:00:00','00:00:00','00:00:00','00:00:00','00:00:00','00:00:00',5,'00:00:00'),('272',18,'2019-10-13',0,'00:00:00','00:00:00','00:00:00','00:00:00','00:00:00','00:00:00',1,'00:00:00'),('273',19,'2019-10-12',0,'08:00:00','16:00:00','16:00:00','16:00:00','00:00:00','00:00:00',5,'08:00:00'),('274',19,'2019-10-13',0,'00:00:00','00:00:00','00:00:00','00:00:00','00:00:00','00:00:00',1,'00:00:00'),('275',20,'2019-10-12',0,'00:00:00','00:00:00','00:00:00','00:00:00','00:00:00','00:00:00',5,'00:00:00'),('276',20,'2019-10-13',0,'00:00:00','00:00:00','00:00:00','00:00:00','00:00:00','00:00:00',1,'00:00:00'),('277',21,'2019-10-12',0,'00:00:00','00:00:00','00:00:00','00:00:00','00:00:00','00:00:00',5,'00:00:00'),('278',21,'2019-10-13',0,'00:00:00','00:00:00','00:00:00','00:00:00','00:00:00','00:00:00',1,'00:00:00'),('279',21,'2019-10-01',0,'07:56:00','11:02:00','13:02:00','19:03:00','00:00:00','00:00:00',2,'01:07:00'),('28',33,'2019-10-03',0,'08:17:00','12:01:00','13:48:00','18:00:00','00:00:00','00:00:00',2,'-00:04:00'),('280',21,'2019-10-02',0,'08:00:00','11:09:00','13:01:00','19:03:00','00:00:00','00:00:00',2,'01:11:00'),('281',21,'2019-10-03',0,'08:08:00','11:11:00','13:02:00','19:02:00','00:00:00','00:00:00',2,'01:03:00'),('282',21,'2019-10-05',0,'00:00:00','00:00:00','00:00:00','00:00:00','00:00:00','00:00:00',3,'-04:00:00'),('283',21,'2019-10-06',0,'00:00:00','00:00:00','00:00:00','00:00:00','00:00:00','00:00:00',1,'00:00:00'),('284',22,'2019-10-12',0,'00:00:00','00:00:00','00:00:00','00:00:00','00:00:00','00:00:00',5,'00:00:00'),('285',22,'2019-10-13',0,'00:00:00','00:00:00','00:00:00','00:00:00','00:00:00','00:00:00',1,'00:00:00'),('286',1,'2019-10-07',0,'07:50:00','12:10:00','13:55:00','18:00:00','00:00:00','00:00:00',2,'00:25:00'),('287',1,'2019-10-08',0,'07:36:00','12:08:00','13:57:00','17:56:00','00:00:00','00:00:00',2,'00:31:00'),('288942d7bb91462e4d5850893cbaaa094ccaf3b1',19,'2019-11-04',0,'08:57:00','12:57:00','15:10:00','18:50:00','00:00:00','00:00:00',2,'-00:20:00'),('289',27,'2019-10-07',0,'08:22:00','12:04:00','13:05:00','17:54:00','00:00:00','00:00:00',2,'00:31:00'),('29',33,'2019-10-05',0,'00:00:00','00:00:00','00:00:00','00:00:00','00:00:00','00:00:00',3,'-04:00:00'),('290',27,'2019-10-08',0,'08:18:00','12:00:00','14:00:00','18:01:00','00:00:00','00:00:00',2,'-00:17:00'),('291',26,'2019-10-07',0,'08:10:00','13:25:00','14:09:00','19:04:00','00:00:00','00:00:00',2,'02:10:00'),('292',26,'2019-10-08',0,'08:11:00','13:13:00','14:16:00','19:04:00','00:00:00','00:00:00',2,'01:50:00'),('293',25,'2019-10-07',0,'09:04:00','12:25:00','12:53:00','18:12:00','00:00:00','00:00:00',2,'00:40:00'),('294',25,'2019-10-08',0,'08:18:00','12:38:00','14:01:00','18:50:00','00:00:00','00:00:00',2,'01:09:00'),('295',24,'2019-10-07',0,'08:41:00','12:03:00','13:03:00','18:00:00','00:00:00','00:00:00',2,'00:19:00'),('296',24,'2019-10-08',0,'07:50:00','12:01:00','13:13:00','18:05:00','00:00:00','00:00:00',2,'01:03:00'),('297',23,'2019-10-07',0,'07:59:00','13:09:00','14:53:00','19:18:00','00:00:00','00:00:00',2,'01:35:00'),('298',23,'2019-10-08',0,'08:00:00','13:31:00','14:58:00','19:12:00','00:00:00','00:00:00',2,'01:45:00'),('299',27,'2019-10-12',0,'00:00:00','00:00:00','00:00:00','00:00:00','00:00:00','00:00:00',5,'00:00:00'),('2b0c9fe4fb209556c75ab4ad79a4a2badff764c0',5,'2019-11-02',0,'00:00:00','00:00:00','00:00:00','00:00:00','00:00:00','00:00:00',5,'00:00:00'),('2b2f3f215960406e998ebde69408e7df063b29b4',19,'2019-11-01',0,'08:21:00','12:58:00','15:09:00','18:42:00','00:00:00','00:00:00',2,'00:10:00'),('2b8dae0b2cc277e56ae6fb43c995d9856425f76f',14,'2019-11-04',0,'08:15:00','12:01:00','14:20:00','18:50:00','00:00:00','00:00:00',2,'00:16:00'),('2cd208c16df02d35aa5712e43d60eaa4e1b51437',34,'2019-11-02',0,'00:00:00','00:00:00','00:00:00','00:00:00','00:00:00','00:00:00',1,'00:00:00'),('2cfde8c3d3a0a84631ae1d451fc013f555df2a8c',24,'2019-11-02',0,'00:00:00','00:00:00','00:00:00','00:00:00','00:00:00','00:00:00',5,'00:00:00'),('2e2e10e8a153399a9471e5264032a9dcafd4dcef',3,'2019-11-01',0,'07:28:00','12:00:00','12:55:00','16:21:00','00:00:00','00:00:00',2,'-00:02:00'),('2ec65e58f9d3314dc2260009a91a8b131ad33365',20,'2019-11-02',0,'00:00:00','00:00:00','00:00:00','00:00:00','00:00:00','00:00:00',5,'00:00:00'),('2fad96c2f82415da3e7fbcf90764d5d119bf9ebc',20,'2019-11-03',0,'00:00:00','00:00:00','00:00:00','00:00:00','00:00:00','00:00:00',1,'00:00:00'),('3',1,'2019-10-03',0,'07:49:00','12:02:00','13:49:00','18:04:00','00:00:00','00:00:00',2,'00:28:00'),('30',33,'2019-10-06',0,'00:00:00','00:00:00','00:00:00','00:00:00','00:00:00','00:00:00',1,'00:00:00'),('300',27,'2019-10-13',0,'00:00:00','00:00:00','00:00:00','00:00:00','00:00:00','00:00:00',1,'00:00:00'),('301',22,'2019-10-07',0,'07:58:00','12:08:00','14:07:00','18:06:00','00:00:00','00:00:00',2,'00:09:00'),('302',22,'2019-10-08',0,'08:05:00','12:08:00','14:04:00','18:06:00','00:00:00','00:00:00',2,'00:05:00'),('303',21,'2019-10-07',0,'07:59:00','11:11:00','13:03:00','18:01:00','00:00:00','00:00:00',2,'00:10:00'),('304',21,'2019-10-08',0,'07:58:00','11:06:00','13:00:00','18:23:00','00:00:00','00:00:00',2,'00:31:00'),('305',20,'2019-10-07',0,'08:13:00','14:05:00','15:03:00','19:21:00','00:00:00','00:00:00',2,'02:10:00'),('306',20,'2019-10-08',0,'08:28:00','13:34:00','14:20:00','19:13:00','00:00:00','00:00:00',2,'01:59:00'),('307',19,'2019-10-07',0,'08:17:00','13:07:00','15:22:00','19:12:00','00:00:00','00:00:00',2,'00:40:00'),('308',19,'2019-10-08',0,'08:26:00','13:09:00','15:12:00','18:26:00','00:00:00','00:00:00',2,'-00:03:00'),('31',2,'2019-10-01',0,'07:42:00','11:51:00','13:41:00','16:44:00','00:00:00','00:00:00',2,'-00:48:00'),('310',19,'2019-10-05',0,'08:00:00','12:00:00','12:00:00','12:00:00','00:00:00','00:00:00',3,'00:00:00'),('311',17,'2019-10-07',0,'08:08:00','12:41:00','14:12:00','18:20:00','00:00:00','00:00:00',2,'00:41:00'),('312',17,'2019-10-08',0,'07:54:00','12:00:00','14:01:00','18:00:00','00:00:00','00:00:00',2,'00:05:00'),('313',13,'2019-10-07',0,'08:36:00','12:10:00','14:02:00','18:09:00','00:00:00','00:00:00',2,'-00:19:00'),('314',13,'2019-10-08',0,'08:47:00','12:09:00','13:53:00','18:05:00','00:00:00','00:00:00',2,'-00:26:00'),('315',15,'2019-10-07',0,'08:18:00','12:09:00','14:00:00','18:26:00','00:00:00','00:00:00',2,'00:17:00'),('316',15,'2019-10-08',0,'08:21:00','12:29:00','13:59:00','18:27:00','00:00:00','00:00:00',2,'00:36:00'),('317',14,'2019-10-07',0,'09:48:00','12:10:00','13:55:00','18:35:00','00:00:00','00:00:00',2,'-00:58:00'),('318',14,'2019-10-08',0,'07:57:00','12:28:00','14:00:00','18:26:00','00:00:00','00:00:00',2,'00:57:00'),('319',12,'2019-10-07',0,'08:00:00','12:10:00','13:01:00','19:15:00','00:00:00','00:00:00',2,'02:24:00'),('32',2,'2019-10-02',0,'07:48:00','11:51:00','13:35:00','18:33:00','00:00:00','00:00:00',2,'01:01:00'),('320',12,'2019-10-08',0,'08:30:00','11:05:00','12:32:00','18:32:00','00:00:00','00:00:00',2,'00:35:00'),('321',10,'2019-10-07',0,'08:58:00','13:11:00','14:37:00','19:00:00','00:00:00','00:00:00',2,'00:36:00'),('322',10,'2019-10-08',0,'08:58:00','13:28:00','14:58:00','18:23:00','00:00:00','00:00:00',2,'-00:05:00'),('323',9,'2019-10-07',0,'07:56:00','12:20:00','13:42:00','16:59:00','00:00:00','00:00:00',2,'-00:19:00'),('324',7,'2019-10-07',0,'08:26:00','12:11:00','13:29:00','18:54:00','00:00:00','00:00:00',2,'01:10:00'),('325',7,'2019-10-08',0,'08:10:00','12:02:00','14:01:00','18:25:00','00:00:00','00:00:00',2,'00:16:00'),('326',5,'2019-10-07',0,'07:51:00','12:02:00','14:01:00','18:09:00','00:00:00','00:00:00',2,'00:19:00'),('327',5,'2019-10-08',0,'07:57:00','12:06:00','13:56:00','18:00:00','00:00:00','00:00:00',2,'00:13:00'),('328',8,'2019-10-07',0,'09:05:00','12:11:00','14:01:00','18:54:00','00:00:00','00:00:00',2,'-00:01:00'),('329',8,'2019-10-08',0,'07:58:00','12:01:00','14:01:00','18:00:00','00:00:00','00:00:00',2,'00:02:00'),('33',2,'2019-10-03',0,'07:50:00','11:45:00','13:39:00','18:02:00','00:00:00','00:00:00',2,'00:18:00'),('330',4,'2019-10-07',0,'07:58:00','12:07:00','13:47:00','18:09:00','00:00:00','00:00:00',2,'00:31:00'),('331',4,'2019-10-08',0,'07:58:00','12:06:00','13:18:00','18:01:00','00:00:00','00:00:00',2,'00:51:00'),('332',37,'2019-10-08',0,'07:49:00','12:21:00','13:02:00','17:30:00','00:00:00','00:00:00',2,'01:00:00'),('333',40,'2019-10-07',0,'06:52:00','12:22:00','14:12:00','16:57:00','00:00:00','00:00:00',2,'00:15:00'),('335',32,'2019-10-07',0,'08:37:00','11:03:00','13:06:00','18:01:00','00:00:00','00:00:00',2,'-00:39:00'),('336',32,'2019-10-08',0,'08:34:00','11:03:00','13:00:00','18:01:00','00:00:00','00:00:00',2,'-00:30:00'),('337',18,'2019-10-07',0,'08:18:00','12:02:00','13:02:00','17:15:00','00:00:00','00:00:00',2,'-00:03:00'),('338',18,'2019-10-08',0,'08:14:00','12:02:00','13:02:00','17:31:00','00:00:00','00:00:00',2,'00:17:00'),('339',6,'2019-10-07',0,'08:10:00','12:03:00','13:34:00','18:40:00','00:00:00','00:00:00',2,'00:59:00'),('34',2,'2019-10-05',0,'09:00:00','11:00:00','11:00:00','11:00:00','00:00:00','00:00:00',3,'-02:00:00'),('340',6,'2019-10-08',0,'08:00:00','12:00:00','13:35:00','18:40:00','00:00:00','00:00:00',2,'01:05:00'),('341',3,'2019-10-07',0,'07:23:00','11:04:00','13:30:00','18:30:00','00:00:00','00:00:00',2,'00:41:00'),('342',3,'2019-10-08',0,'07:16:00','11:59:00','12:26:00','16:00:00','00:00:00','00:00:00',2,'00:17:00'),('343',11,'2019-10-07',0,'08:54:00','12:03:00','14:00:00','18:26:00','00:00:00','00:00:00',2,'-00:25:00'),('344',11,'2019-10-08',0,'08:07:00','12:02:00','13:58:00','18:22:00','00:00:00','00:00:00',2,'00:19:00'),('345',39,'2019-10-07',0,'07:57:00','12:10:00','14:10:00','18:12:00','00:00:00','00:00:00',2,'00:15:00'),('346',39,'2019-10-08',0,'07:59:00','12:00:00','13:59:00','18:18:00','00:00:00','00:00:00',2,'00:20:00'),('346c176add1f4f026ea94a548d029afe18b7f4d4',1,'2019-11-01',0,'07:36:00','12:18:00','13:58:00','17:56:00','00:00:00','00:00:00',2,'00:40:00'),('347',38,'2019-10-07',0,'07:58:00','12:02:00','13:58:00','18:00:00','00:00:00','00:00:00',2,'00:06:00'),('348',38,'2019-10-08',0,'07:59:00','12:10:00','13:59:00','18:02:00','00:00:00','00:00:00',2,'00:14:00'),('349',2,'2019-10-07',0,'08:00:00','12:00:00','13:00:00','18:37:00','00:00:00','00:00:00',2,'01:37:00'),('34c9802827ed9a9b772a1587d56b299bb3f6b4fa',18,'2019-11-04',0,'08:10:00','12:00:00','12:56:00','16:57:00','00:00:00','00:00:00',2,'-00:09:00'),('35',2,'2019-10-06',0,'00:00:00','00:00:00','00:00:00','00:00:00','00:00:00','00:00:00',1,'00:00:00'),('350',2,'2019-10-08',0,'07:47:00','11:57:00','13:36:00','18:29:00','00:00:00','00:00:00',2,'01:03:00'),('351',35,'2019-10-07',0,'08:28:00','12:02:00','13:48:00','18:03:00','00:00:00','00:00:00',2,'-00:11:00'),('352',35,'2019-10-08',0,'07:58:00','12:07:00','13:32:00','18:00:00','00:00:00','00:00:00',2,'00:37:00'),('353',35,'2019-10-12',0,'00:00:00','00:00:00','00:00:00','00:00:00','00:00:00','00:00:00',5,'00:00:00'),('354',35,'2019-10-13',0,'00:00:00','00:00:00','00:00:00','00:00:00','00:00:00','00:00:00',1,'00:00:00'),('355',33,'2019-10-07',0,'08:05:00','12:00:00','13:59:00','19:01:00','00:00:00','00:00:00',2,'00:57:00'),('356',33,'2019-10-08',0,'08:13:00','12:02:00','12:33:00','18:00:00','00:00:00','00:00:00',2,'01:16:00'),('357',31,'2019-10-07',0,'08:29:00','12:05:00','14:06:00','19:00:00','00:00:00','00:00:00',2,'00:30:00'),('358',31,'2019-10-08',0,'08:47:00','12:05:00','14:12:00','19:02:00','00:00:00','00:00:00',2,'00:08:00'),('359',31,'2019-10-12',0,'00:00:00','00:00:00','00:00:00','00:00:00','00:00:00','00:00:00',5,'00:00:00'),('36',37,'2019-10-01',0,'07:45:00','12:28:00','13:01:00','17:28:00','00:00:00','00:00:00',2,'01:10:00'),('360',31,'2019-10-13',0,'00:00:00','00:00:00','00:00:00','00:00:00','00:00:00','00:00:00',1,'00:00:00'),('361',30,'2019-10-07',0,'07:47:00','11:54:00','13:13:00','18:00:00','00:00:00','00:00:00',2,'00:54:00'),('362',30,'2019-10-13',0,'00:00:00','00:00:00','00:00:00','00:00:00','00:00:00','00:00:00',1,'00:00:00'),('363',30,'2019-10-12',0,'00:00:00','00:00:00','00:00:00','00:00:00','00:00:00','00:00:00',5,'00:00:00'),('364',29,'2019-10-07',0,'07:54:00','12:03:00','13:59:00','19:02:00','00:00:00','00:00:00',2,'01:12:00'),('365',29,'2019-10-08',0,'07:59:00','12:01:00','14:01:00','19:01:00','00:00:00','00:00:00',2,'01:02:00'),('365b76fdc20bd5a5e3fdc245724b285ad8f001e5',39,'2019-11-02',0,'00:00:00','00:00:00','00:00:00','00:00:00','00:00:00','00:00:00',5,'00:00:00'),('366',28,'2019-10-07',0,'07:54:00','12:08:00','13:52:00','19:18:00','00:00:00','00:00:00',2,'01:40:00'),('36624404347866425bda964f20e45721bb057011',25,'2019-11-02',0,'00:00:00','00:00:00','00:00:00','00:00:00','00:00:00','00:00:00',5,'00:00:00'),('367',28,'2019-10-08',0,'08:01:00','12:29:00','13:50:00','18:52:00','00:00:00','00:00:00',2,'01:30:00'),('368',28,'2019-10-12',0,'00:00:00','00:00:00','00:00:00','00:00:00','00:00:00','00:00:00',5,'00:00:00'),('369',28,'2019-10-13',0,'00:00:00','00:00:00','00:00:00','00:00:00','00:00:00','00:00:00',1,'00:00:00'),('37',37,'2019-10-02',0,'07:53:00','12:26:00','13:00:00','17:24:00','00:00:00','00:00:00',2,'00:57:00'),('370',37,'2019-10-09',0,'07:49:00','12:29:00','13:52:00','17:30:00','00:00:00','00:00:00',2,'00:18:00'),('371',37,'2019-10-10',0,'07:46:00','12:31:00','13:57:00','17:31:00','00:00:00','00:00:00',2,'00:19:00'),('372',40,'2019-10-09',0,'07:15:00','12:29:00','13:59:00','16:57:00','00:00:00','00:00:00',2,'00:12:00'),('373',40,'2019-10-10',0,'06:49:00','12:01:00','14:02:00','16:55:00','00:00:00','00:00:00',2,'00:05:00'),('374',32,'2019-10-09',0,'08:38:00','11:14:00','13:10:00','18:03:00','00:00:00','00:00:00',2,'-00:31:00'),('375',32,'2019-10-10',0,'08:38:00','11:02:00','13:00:00','18:02:00','00:00:00','00:00:00',2,'-00:34:00'),('376',18,'2019-10-09',0,'08:20:00','12:00:00','13:03:00','18:07:00','00:00:00','00:00:00',2,'00:44:00'),('377',18,'2019-10-10',0,'08:10:00','12:01:00','13:00:00','18:11:00','00:00:00','00:00:00',2,'01:02:00'),('378',6,'2019-10-09',0,'07:59:00','12:11:00','13:37:00','18:36:00','00:00:00','00:00:00',2,'01:11:00'),('379',6,'2019-10-10',0,'08:01:00','12:02:00','14:07:00','19:00:00','00:00:00','00:00:00',2,'00:54:00'),('38',37,'2019-10-07',0,'07:49:00','12:26:00','13:00:00','16:32:00','00:00:00','00:00:00',2,'00:09:00'),('380',3,'2019-10-09',0,'07:17:00','12:01:00','13:02:00','16:20:00','00:00:00','00:00:00',2,'00:02:00'),('381',3,'2019-10-10',0,'07:16:00','11:59:00','12:21:00','16:28:00','00:00:00','00:00:00',2,'00:50:00'),('382',11,'2019-10-09',0,'07:50:00','12:00:00','13:56:00','18:36:00','00:00:00','00:00:00',2,'00:50:00'),('383',11,'2019-10-10',0,'07:54:00','12:01:00','13:01:00','18:33:00','00:00:00','00:00:00',2,'01:39:00'),('384',39,'2019-10-09',0,'07:58:00','12:19:00','14:20:00','18:11:00','00:00:00','00:00:00',2,'00:12:00'),('386',38,'2019-10-09',0,'07:58:00','12:02:00','13:59:00','18:02:00','00:00:00','00:00:00',2,'00:07:00'),('387',38,'2019-10-10',0,'08:00:00','12:02:00','13:58:00','18:02:00','00:00:00','00:00:00',2,'00:06:00'),('388',35,'2019-10-09',0,'07:55:00','12:11:00','13:19:00','18:03:00','00:00:00','00:00:00',2,'01:00:00'),('389',35,'2019-10-10',0,'07:50:00','12:09:00','14:06:00','18:04:00','00:00:00','00:00:00',2,'00:17:00'),('39',37,'2019-10-05',0,'00:00:00','00:00:00','00:00:00','00:00:00','00:00:00','00:00:00',3,'-04:00:00'),('390',2,'2019-10-09',0,'07:51:00','11:57:00','13:40:00','18:16:00','00:00:00','00:00:00',2,'00:42:00'),('391',2,'2019-10-10',0,'07:57:00','11:53:00','13:40:00','18:16:00','00:00:00','00:00:00',2,'00:32:00'),('392',33,'2019-10-09',0,'08:11:00','12:11:00','14:07:00','18:05:00','00:00:00','00:00:00',2,'-00:02:00'),('393',33,'2019-10-10',0,'08:09:00','12:04:00','13:51:00','17:50:00','00:00:00','00:00:00',2,'-00:06:00'),('394',31,'2019-10-09',0,'08:46:00','12:12:00','14:12:00','19:05:00','00:00:00','00:00:00',2,'00:19:00'),('395',31,'2019-10-10',0,'07:47:00','12:03:00','14:04:00','19:03:00','00:00:00','00:00:00',2,'01:15:00'),('396',30,'2019-10-09',0,'08:00:00','12:50:00','14:28:00','17:47:00','00:00:00','00:00:00',2,'00:09:00'),('397',30,'2019-10-10',0,'07:45:00','11:50:00','13:50:00','17:29:00','00:00:00','00:00:00',2,'-00:16:00'),('398',15,'2019-10-09',0,'08:17:00','12:17:00','13:59:00','18:03:00','00:00:00','00:00:00',2,'00:04:00'),('399',15,'2019-10-10',0,'08:38:00','12:14:00','13:55:00','18:00:00','00:00:00','00:00:00',2,'-00:19:00'),('3a6bdd6daedfb8ed7b475413208f6b2b3e7a21bb',8,'2019-10-16',0,'08:20:00','12:00:00','13:57:00','18:55:00','00:00:00','00:00:00',2,'00:38:00'),('3a6bf0f66e8ce2f5810b477406c85ba802c8d4f9',26,'2019-10-04',0,'08:16:00','13:08:00','14:30:00','18:30:00','00:00:00','00:00:00',2,'00:52:00'),('3a8001bfe48a1b1df56093daec53015f4f618e57',26,'2019-11-04',0,'08:03:00','13:02:00','15:00:00','18:18:00','00:00:00','00:00:00',2,'00:17:00'),('3ba550fdcc4edc0a9fb20409a47c1016aa171e14',37,'2019-11-04',0,'07:35:00','12:26:00','13:20:00','18:00:00','00:00:00','00:00:00',2,'01:31:00'),('3d987cc1fac97318af068d5a8c47b3ed5a9f2b79',24,'2019-11-01',0,'08:00:00','12:00:00','13:53:00','18:01:00','00:00:00','00:00:00',2,'00:08:00'),('3dc5982148d3b066afa2e19676830540ccdf9779',40,'2019-10-08',0,'06:54:00','12:36:00','14:03:00','16:48:00','00:00:00','00:00:00',2,'00:27:00'),('3df07e7772dd2031622b4f9ce7deaaa689ce918c',28,'2019-11-03',0,'00:00:00','00:00:00','00:00:00','00:00:00','00:00:00','00:00:00',1,'00:00:00'),('3fec389b2bd1b92b2d3415ac962a8d4e955967a1',12,'2019-11-04',0,'07:57:00','11:21:00','12:29:00','18:32:00','00:00:00','00:00:00',2,'01:27:00'),('4',1,'2019-10-05',0,'00:00:00','00:00:00','00:00:00','00:00:00','00:00:00','00:00:00',3,'-04:00:00'),('40',37,'2019-10-06',0,'00:00:00','00:00:00','00:00:00','00:00:00','00:00:00','00:00:00',1,'00:00:00'),('400',29,'2019-10-09',0,'07:58:00','12:06:00','14:01:00','19:06:00','00:00:00','00:00:00',2,'01:13:00'),('401',29,'2019-10-10',0,'08:01:00','12:01:00','13:59:00','18:58:00','00:00:00','00:00:00',2,'00:59:00'),('402',28,'2019-10-09',0,'07:54:00','12:03:00','13:56:00','18:31:00','00:00:00','00:00:00',2,'00:44:00'),('403',28,'2019-10-10',0,'07:56:00','12:06:00','13:57:00','18:32:00','00:00:00','00:00:00',2,'00:45:00'),('404',27,'2019-10-09',0,'08:09:00','12:00:00','13:12:00','18:10:00','00:00:00','00:00:00',2,'00:49:00'),('405',27,'2019-10-10',0,'08:03:00','12:09:00','13:50:00','17:54:00','00:00:00','00:00:00',2,'00:10:00'),('406',26,'2019-10-09',0,'08:04:00','13:06:00','14:11:00','18:03:00','00:00:00','00:00:00',2,'00:54:00'),('407',26,'2019-10-10',0,'08:15:00','13:03:00','14:26:00','19:04:00','00:00:00','00:00:00',2,'01:26:00'),('408',25,'2019-10-09',0,'07:44:00','12:41:00','14:01:00','18:09:00','00:00:00','00:00:00',2,'01:05:00'),('409',25,'2019-10-10',0,'08:09:00','12:00:00','13:51:00','18:57:00','00:00:00','00:00:00',2,'00:57:00'),('41',40,'2019-10-01',0,'06:20:00','12:43:00','13:48:00','17:00:00','00:00:00','00:00:00',2,'01:35:00'),('410',24,'2019-10-09',0,'08:00:00','12:01:00','13:09:00','18:02:00','00:00:00','00:00:00',2,'00:54:00'),('411',24,'2019-10-10',0,'08:05:00','12:04:00','13:16:00','18:01:00','00:00:00','00:00:00',2,'00:44:00'),('412',23,'2019-10-09',0,'07:50:00','13:10:00','15:04:00','19:09:00','00:00:00','00:00:00',2,'01:25:00'),('413',23,'2019-10-10',0,'07:55:00','13:07:00','14:58:00','19:09:00','00:00:00','00:00:00',2,'01:23:00'),('414',22,'2019-10-09',0,'07:57:00','12:10:00','14:05:00','18:06:00','00:00:00','00:00:00',2,'00:14:00'),('415',22,'2019-10-10',0,'08:05:00','12:06:00','14:00:00','18:00:00','00:00:00','00:00:00',2,'00:01:00'),('416',21,'2019-10-09',0,'07:58:00','12:01:00','13:59:00','18:02:00','00:00:00','00:00:00',2,'00:06:00'),('41691b9641d87a37df8e60e130a016b5ce495198',21,'2019-11-03',0,'00:00:00','00:00:00','00:00:00','00:00:00','00:00:00','00:00:00',1,'00:00:00'),('417',21,'2019-10-10',0,'08:04:00','11:08:00','12:59:00','18:02:00','00:00:00','00:00:00',2,'00:07:00'),('418',19,'2019-10-09',0,'08:30:00','13:03:00','14:54:00','18:33:00','00:00:00','00:00:00',2,'00:12:00'),('419',19,'2019-10-10',0,'08:17:00','12:01:00','14:36:00','18:02:00','00:00:00','00:00:00',2,'-00:50:00'),('42',40,'2019-10-02',0,'06:53:00','12:40:00','13:42:00','16:57:00','00:00:00','00:00:00',2,'01:02:00'),('420',20,'2019-10-09',0,'07:56:00','15:12:00','15:56:00','19:09:00','00:00:00','00:00:00',2,'02:29:00'),('421',20,'2019-10-10',0,'08:15:00','13:25:00','14:34:00','19:08:00','00:00:00','00:00:00',2,'01:44:00'),('422',17,'2019-10-09',0,'08:07:00','12:40:00','15:00:00','18:45:00','00:00:00','00:00:00',2,'00:18:00'),('423',17,'2019-10-10',0,'08:02:00','13:21:00','15:14:00','19:39:00','00:00:00','00:00:00',2,'01:44:00'),('424',13,'2019-10-09',0,'08:36:00','11:05:00','13:10:00','18:08:00','00:00:00','00:00:00',2,'-00:33:00'),('425',13,'2019-10-10',0,'08:56:00','12:11:00','13:51:00','18:04:00','00:00:00','00:00:00',2,'-00:32:00'),('425b07504720bb6d4401efc16f7f4258089dd109',15,'2019-11-04',0,'07:29:00','12:00:00','13:54:00','18:34:00','00:00:00','00:00:00',2,'01:11:00'),('426',1,'2019-10-09',0,'07:49:00','12:07:00','13:51:00','18:00:00','00:00:00','00:00:00',2,'00:27:00'),('428',14,'2019-10-09',0,'08:31:00','12:25:00','14:38:00','18:32:00','00:00:00','00:00:00',2,'-00:12:00'),('429',14,'2019-10-10',0,'07:23:00','12:03:00','14:17:00','19:02:00','00:00:00','00:00:00',2,'01:25:00'),('430',12,'2019-10-09',0,'08:30:00','11:10:00','12:31:00','18:32:00','00:00:00','00:00:00',2,'00:41:00'),('431',12,'2019-10-10',0,'08:08:00','11:09:00','12:30:00','18:35:00','00:00:00','00:00:00',2,'01:06:00'),('432',10,'2019-10-09',0,'09:06:00','13:45:00','14:15:00','19:04:00','00:00:00','00:00:00',2,'01:28:00'),('433',10,'2019-10-10',0,'09:45:00','13:11:00','14:39:00','19:04:00','00:00:00','00:00:00',2,'-00:09:00'),('434',9,'2019-10-10',0,'08:07:00','12:13:00','13:34:00','18:04:00','00:00:00','00:00:00',2,'00:36:00'),('435',7,'2019-10-09',0,'08:01:00','12:00:00','14:01:00','18:23:00','00:00:00','00:00:00',2,'00:21:00'),('436',7,'2019-10-10',0,'07:57:00','12:00:00','13:51:00','16:35:00','00:00:00','00:00:00',2,'-01:13:00'),('437',5,'2019-10-09',0,'07:48:00','12:11:00','14:01:00','18:06:00','00:00:00','00:00:00',2,'00:28:00'),('438',5,'2019-10-10',0,'07:53:00','12:04:00','13:51:00','18:05:00','00:00:00','00:00:00',2,'00:25:00'),('439',8,'2019-10-09',0,'07:50:00','12:41:00','14:01:00','18:48:00','00:00:00','00:00:00',2,'01:38:00'),('43e0e01ba5b7070579d3fd4e87daa074f0ae6ff5',8,'2019-11-03',0,'00:00:00','00:00:00','00:00:00','00:00:00','00:00:00','00:00:00',1,'00:00:00'),('44',40,'2019-10-05',0,'00:00:00','00:00:00','00:00:00','00:00:00','00:00:00','00:00:00',3,'-04:00:00'),('440',8,'2019-10-10',0,'08:09:00','13:18:00','14:11:00','17:49:00','00:00:00','00:00:00',2,'00:47:00'),('441',4,'2019-10-09',0,'08:01:00','12:19:00','13:49:00','18:00:00','00:00:00','00:00:00',2,'00:29:00'),('442',4,'2019-10-10',0,'07:59:00','12:13:00','13:51:00','18:04:00','00:00:00','00:00:00',2,'00:27:00'),('443',16,'2019-10-07',0,'00:00:00','00:00:00','00:00:00','00:00:00','00:00:00','00:00:00',1,'00:00:00'),('444',16,'2019-10-08',0,'00:00:00','00:00:00','00:00:00','00:00:00','00:00:00','00:00:00',1,'00:00:00'),('445',16,'2019-10-09',0,'00:00:00','00:00:00','00:00:00','00:00:00','00:00:00','00:00:00',1,'00:00:00'),('446',16,'2019-10-10',0,'00:00:00','00:00:00','00:00:00','00:00:00','00:00:00','00:00:00',1,'00:00:00'),('447',16,'2019-10-11',0,'00:00:00','00:00:00','00:00:00','00:00:00','00:00:00','00:00:00',1,'00:00:00'),('448',1,'2019-10-11',0,'07:49:00','12:12:00','13:56:00','17:57:00','00:00:00','00:00:00',2,'00:24:00'),('449',16,'2019-10-12',0,'00:00:00','00:00:00','00:00:00','00:00:00','00:00:00','00:00:00',1,'00:00:00'),('45',40,'2019-10-06',0,'00:00:00','00:00:00','00:00:00','00:00:00','00:00:00','00:00:00',1,'00:00:00'),('450',16,'2019-10-13',0,'00:00:00','00:00:00','00:00:00','00:00:00','00:00:00','00:00:00',1,'00:00:00'),('451',16,'2019-10-14',0,'00:00:00','00:00:00','00:00:00','00:00:00','00:00:00','00:00:00',1,'00:00:00'),('452',16,'2019-10-15',0,'00:00:00','00:00:00','00:00:00','00:00:00','00:00:00','00:00:00',1,'00:00:00'),('453',16,'2019-10-16',0,'00:00:00','00:00:00','00:00:00','00:00:00','00:00:00','00:00:00',1,'00:00:00'),('454',16,'2019-10-17',0,'00:00:00','00:00:00','00:00:00','00:00:00','00:00:00','00:00:00',1,'00:00:00'),('455',16,'2019-10-18',0,'00:00:00','00:00:00','00:00:00','00:00:00','00:00:00','00:00:00',1,'00:00:00'),('456',16,'2019-10-19',0,'00:00:00','00:00:00','00:00:00','00:00:00','00:00:00','00:00:00',1,'00:00:00'),('457',16,'2019-10-20',0,'00:00:00','00:00:00','00:00:00','00:00:00','00:00:00','00:00:00',1,'00:00:00'),('458',16,'2019-10-21',0,'00:00:00','00:00:00','00:00:00','00:00:00','00:00:00','00:00:00',1,'00:00:00'),('459',16,'2019-10-22',0,'00:00:00','00:00:00','00:00:00','00:00:00','00:00:00','00:00:00',1,'00:00:00'),('46',32,'2019-10-01',0,'07:57:00','11:09:00','13:10:00','19:04:00','00:00:00','00:00:00',2,'01:06:00'),('460',16,'2019-10-23',0,'00:00:00','00:00:00','00:00:00','00:00:00','00:00:00','00:00:00',1,'00:00:00'),('461',16,'2019-10-24',0,'00:00:00','00:00:00','00:00:00','00:00:00','00:00:00','00:00:00',1,'00:00:00'),('462',16,'2019-10-25',0,'00:00:00','00:00:00','00:00:00','00:00:00','00:00:00','00:00:00',1,'00:00:00'),('463',16,'2019-10-26',0,'00:00:00','00:00:00','00:00:00','00:00:00','00:00:00','00:00:00',1,'00:00:00'),('463e1a03ea100cc1e48121be469abc651bf94b1b',9,'2019-11-03',0,'00:00:00','00:00:00','00:00:00','00:00:00','00:00:00','00:00:00',1,'00:00:00'),('464',16,'2019-10-27',0,'00:00:00','00:00:00','00:00:00','00:00:00','00:00:00','00:00:00',1,'00:00:00'),('465',16,'2019-10-28',0,'00:00:00','00:00:00','00:00:00','00:00:00','00:00:00','00:00:00',1,'00:00:00'),('466',16,'2019-10-29',0,'00:00:00','00:00:00','00:00:00','00:00:00','00:00:00','00:00:00',1,'00:00:00'),('467',16,'2019-10-30',0,'00:00:00','00:00:00','00:00:00','00:00:00','00:00:00','00:00:00',1,'00:00:00'),('468',16,'2019-10-31',0,'00:00:00','00:00:00','00:00:00','00:00:00','00:00:00','00:00:00',1,'00:00:00'),('469',34,'2019-10-07',0,'00:00:00','00:00:00','00:00:00','00:00:00','00:00:00','00:00:00',1,'00:00:00'),('47',32,'2019-10-02',0,'07:59:00','11:07:00','13:18:00','19:03:00','00:00:00','00:00:00',2,'00:53:00'),('470',34,'2019-10-08',0,'00:00:00','00:00:00','00:00:00','00:00:00','00:00:00','00:00:00',1,'00:00:00'),('471',34,'2019-10-09',0,'00:00:00','00:00:00','00:00:00','00:00:00','00:00:00','00:00:00',1,'00:00:00'),('472',34,'2019-10-10',0,'00:00:00','00:00:00','00:00:00','00:00:00','00:00:00','00:00:00',1,'00:00:00'),('473',34,'2019-10-11',0,'00:00:00','00:00:00','00:00:00','00:00:00','00:00:00','00:00:00',1,'00:00:00'),('474',34,'2019-10-12',0,'00:00:00','00:00:00','00:00:00','00:00:00','00:00:00','00:00:00',1,'00:00:00'),('475',34,'2019-10-13',0,'00:00:00','00:00:00','00:00:00','00:00:00','00:00:00','00:00:00',1,'00:00:00'),('476',34,'2019-10-14',0,'00:00:00','00:00:00','00:00:00','00:00:00','00:00:00','00:00:00',1,'00:00:00'),('477',34,'2019-10-15',0,'00:00:00','00:00:00','00:00:00','00:00:00','00:00:00','00:00:00',1,'00:00:00'),('478',34,'2019-10-16',0,'00:00:00','00:00:00','00:00:00','00:00:00','00:00:00','00:00:00',1,'00:00:00'),('479',34,'2019-10-17',0,'00:00:00','00:00:00','00:00:00','00:00:00','00:00:00','00:00:00',1,'00:00:00'),('47b2994b79176f248d9d0f56239018d11bf02986',39,'2019-11-01',0,'08:03:00','12:04:00','13:59:00','18:21:00','00:00:00','00:00:00',2,'00:23:00'),('48',32,'2019-10-03',0,'08:06:00','11:07:00','13:07:00','19:02:00','00:00:00','00:00:00',2,'00:56:00'),('480',34,'2019-10-18',0,'00:00:00','00:00:00','00:00:00','00:00:00','00:00:00','00:00:00',1,'00:00:00'),('481',34,'2019-10-19',0,'00:00:00','00:00:00','00:00:00','00:00:00','00:00:00','00:00:00',1,'00:00:00'),('482',34,'2019-10-20',0,'00:00:00','00:00:00','00:00:00','00:00:00','00:00:00','00:00:00',1,'00:00:00'),('483',34,'2019-10-22',0,'00:00:00','00:00:00','00:00:00','00:00:00','00:00:00','00:00:00',1,'00:00:00'),('484',34,'2019-10-23',0,'00:00:00','00:00:00','00:00:00','00:00:00','00:00:00','00:00:00',1,'00:00:00'),('485',34,'2019-10-24',0,'00:00:00','00:00:00','00:00:00','00:00:00','00:00:00','00:00:00',1,'00:00:00'),('486',34,'2019-10-25',0,'00:00:00','00:00:00','00:00:00','00:00:00','00:00:00','00:00:00',1,'00:00:00'),('487',34,'2019-10-27',0,'00:00:00','00:00:00','00:00:00','00:00:00','00:00:00','00:00:00',1,'00:00:00'),('488',34,'2019-10-28',0,'00:00:00','00:00:00','00:00:00','00:00:00','00:00:00','00:00:00',1,'00:00:00'),('489',34,'2019-10-29',0,'00:00:00','00:00:00','00:00:00','00:00:00','00:00:00','00:00:00',1,'00:00:00'),('48a943595bb6c50d1b111f8efb662fe5d48fa51c',9,'2019-11-04',0,'07:56:00','12:04:00','13:06:00','18:22:00','00:00:00','00:00:00',2,'01:24:00'),('49',32,'2019-10-05',0,'00:00:00','00:00:00','00:00:00','00:00:00','00:00:00','00:00:00',3,'-04:00:00'),('490',34,'2019-10-30',0,'00:00:00','00:00:00','00:00:00','00:00:00','00:00:00','00:00:00',1,'00:00:00'),('491',34,'2019-10-31',0,'00:00:00','00:00:00','00:00:00','00:00:00','00:00:00','00:00:00',1,'00:00:00'),('492',34,'2019-10-21',0,'00:00:00','00:00:00','00:00:00','00:00:00','00:00:00','00:00:00',1,'00:00:00'),('493',34,'2019-10-26',0,'00:00:00','00:00:00','00:00:00','00:00:00','00:00:00','00:00:00',1,'00:00:00'),('494',33,'2019-10-12',0,'00:00:00','00:00:00','00:00:00','00:00:00','00:00:00','00:00:00',5,'00:00:00'),('495',33,'2019-10-13',0,'00:00:00','00:00:00','00:00:00','00:00:00','00:00:00','00:00:00',1,'00:00:00'),('496',33,'2019-10-01',0,'08:00:00','12:33:00','13:01:00','18:01:00','00:00:00','00:00:00',2,'01:33:00'),('497',37,'2019-10-11',0,'07:49:00','12:31:00','13:55:00','17:29:00','00:00:00','00:00:00',2,'00:16:00'),('498',37,'2019-10-12',0,'00:00:00','00:00:00','00:00:00','00:00:00','00:00:00','00:00:00',5,'00:00:00'),('499',37,'2019-10-13',0,'00:00:00','00:00:00','00:00:00','00:00:00','00:00:00','00:00:00',1,'00:00:00'),('4a3991cb81fba26732ec6d8bd32c622c00592971',5,'2019-11-04',0,'07:20:00','12:01:00','13:28:00','18:02:00','00:00:00','00:00:00',2,'01:15:00'),('4b04123347f2d7d77c8fa49a594971c8c4679158',10,'2019-11-02',0,'00:00:00','00:00:00','00:00:00','00:00:00','00:00:00','00:00:00',5,'00:00:00'),('4bf4495aeefb43ef91466266d1e2eedd4c20179e',21,'2019-11-02',0,'00:00:00','00:00:00','00:00:00','00:00:00','00:00:00','00:00:00',5,'00:00:00'),('4cc5b9f741c7d61fe6c8784fed784ba8f4da25df',27,'2019-11-01',0,'00:00:00','00:00:00','00:00:00','00:00:00','00:00:00','00:00:00',1,'00:00:00'),('4d81a61788db29de68b4e8a7c54acc09bde11e17',37,'2019-11-03',0,'00:00:00','00:00:00','00:00:00','00:00:00','00:00:00','00:00:00',1,'00:00:00'),('4eead53c0e40cefd6b302b778a1bf6ec4483d3bb',18,'2019-11-03',0,'00:00:00','00:00:00','00:00:00','00:00:00','00:00:00','00:00:00',1,'00:00:00'),('4f355baca4bd828600edfae0129ae56f993a6188',19,'2019-10-26',0,'08:00:00','12:00:00','12:00:00','16:00:00','00:00:00','00:00:00',3,'04:00:00'),('4f74867fd2100888cc448e14c72a7778ec8efa48',20,'2019-11-04',0,'08:00:00','13:21:00','15:06:00','19:02:00','00:00:00','00:00:00',2,'01:17:00'),('5',1,'2019-10-06',0,'00:00:00','00:00:00','00:00:00','00:00:00','00:00:00','00:00:00',1,'00:00:00'),('50',32,'2019-10-06',0,'00:00:00','00:00:00','00:00:00','00:00:00','00:00:00','00:00:00',1,'00:00:00'),('500',40,'2019-10-11',0,'06:51:00','11:52:00','13:50:00','16:51:00','00:00:00','00:00:00',2,'00:02:00'),('501',40,'2019-10-12',0,'00:00:00','00:00:00','00:00:00','00:00:00','00:00:00','00:00:00',5,'00:00:00'),('502',40,'2019-10-13',0,'00:00:00','00:00:00','00:00:00','00:00:00','00:00:00','00:00:00',1,'00:00:00'),('503',18,'2019-10-11',0,'08:15:00','12:01:00','13:17:00','17:54:00','00:00:00','00:00:00',2,'00:23:00'),('504',32,'2019-10-11',0,'08:36:00','11:02:00','13:24:00','18:03:00','00:00:00','00:00:00',2,'-00:55:00'),('506',32,'2019-10-13',0,'00:00:00','00:00:00','00:00:00','00:00:00','00:00:00','00:00:00',1,'00:00:00'),('507',6,'2019-10-11',0,'07:56:00','12:02:00','14:01:00','18:28:00','00:00:00','00:00:00',2,'00:33:00'),('508',11,'2019-10-11',0,'08:10:00','12:00:00','13:19:00','16:54:00','00:00:00','00:00:00',2,'-00:35:00'),('509',3,'2019-10-11',0,'07:28:00','11:58:00','12:37:00','16:17:00','00:00:00','00:00:00',2,'00:10:00'),('5096a68518298373d1075842c831b9cda2d8b830',40,'2019-10-17',0,'07:05:00','12:19:00','13:50:00','16:54:00','00:00:00','00:00:00',2,'00:18:00'),('51',17,'2019-10-01',0,'08:19:00','13:25:00','15:00:00','18:35:00','00:00:00','00:00:00',2,'00:41:00'),('510',2,'2019-10-11',0,'08:02:00','11:49:00','13:17:00','18:52:00','00:00:00','00:00:00',2,'01:22:00'),('511',2,'2019-10-12',0,'00:00:00','00:00:00','00:00:00','00:00:00','00:00:00','00:00:00',5,'00:00:00'),('512',2,'2019-10-13',0,'00:00:00','00:00:00','00:00:00','00:00:00','00:00:00','00:00:00',1,'00:00:00'),('513',39,'2019-10-11',0,'07:52:00','12:06:00','14:01:00','18:00:00','00:00:00','00:00:00',2,'00:13:00'),('514',39,'2019-10-12',0,'00:00:00','00:00:00','00:00:00','00:00:00','00:00:00','00:00:00',5,'00:00:00'),('515',39,'2019-10-13',0,'00:00:00','00:00:00','00:00:00','00:00:00','00:00:00','00:00:00',1,'00:00:00'),('516',35,'2019-10-11',0,'08:26:00','12:03:00','13:55:00','22:23:00','00:00:00','00:00:00',2,'04:05:00'),('517',38,'2019-10-11',0,'07:59:00','12:02:00','13:59:00','18:01:00','00:00:00','00:00:00',2,'00:05:00'),('518',38,'2019-10-12',0,'00:00:00','00:00:00','00:00:00','00:00:00','00:00:00','00:00:00',5,'00:00:00'),('519',38,'2019-10-13',0,'00:00:00','00:00:00','00:00:00','00:00:00','00:00:00','00:00:00',1,'00:00:00'),('52',17,'2019-10-02',0,'08:19:00','12:03:00','14:06:00','18:40:00','00:00:00','00:00:00',2,'00:18:00'),('520',33,'2019-10-11',0,'08:07:00','12:05:00','13:43:00','18:03:00','00:00:00','00:00:00',2,'00:18:00'),('521',31,'2019-10-11',0,'08:44:00','12:09:00','14:10:00','19:03:00','00:00:00','00:00:00',2,'00:18:00'),('522',30,'2019-10-11',0,'07:54:00','12:07:00','13:34:00','17:54:00','00:00:00','00:00:00',2,'00:33:00'),('523',28,'2019-10-11',0,'08:50:00','12:00:00','13:59:00','18:55:00','00:00:00','00:00:00',2,'00:06:00'),('524',29,'2019-10-11',0,'08:01:00','12:00:00','13:58:00','18:27:00','00:00:00','00:00:00',2,'00:28:00'),('525',29,'2019-10-12',0,'00:00:00','00:00:00','00:00:00','00:00:00','00:00:00','00:00:00',5,'00:00:00'),('526',29,'2019-10-13',0,'00:00:00','00:00:00','00:00:00','00:00:00','00:00:00','00:00:00',1,'00:00:00'),('526961452203017ee62aa338810dd5f257444597',2,'2019-11-02',0,'00:00:00','00:00:00','00:00:00','00:00:00','00:00:00','00:00:00',5,'00:00:00'),('527',27,'2019-10-11',0,'08:22:00','11:56:00','13:30:00','17:33:00','00:00:00','00:00:00',2,'-00:23:00'),('5273d7576ca8dc0f372c65bc2bd3b8f160bc2208',32,'2019-11-04',0,'08:29:00','11:01:00','12:52:00','18:01:00','00:00:00','00:00:00',2,'-00:19:00'),('528',26,'2019-10-11',0,'08:04:00','13:08:00','14:59:00','18:02:00','00:00:00','00:00:00',2,'00:07:00'),('53',17,'2019-10-03',0,'08:09:00','12:14:00','13:39:00','19:04:00','00:00:00','00:00:00',2,'01:30:00'),('530',26,'2019-10-12',0,'00:00:00','00:00:00','00:00:00','00:00:00','00:00:00','00:00:00',5,'00:00:00'),('531',26,'2019-10-13',0,'00:00:00','00:00:00','00:00:00','00:00:00','00:00:00','00:00:00',1,'00:00:00'),('532',25,'2019-10-11',0,'08:05:00','12:33:00','13:07:00','18:52:00','00:00:00','00:00:00',2,'02:13:00'),('533',25,'2019-10-12',0,'00:00:00','00:00:00','00:00:00','00:00:00','00:00:00','00:00:00',5,'00:00:00'),('534',25,'2019-10-13',0,'00:00:00','00:00:00','00:00:00','00:00:00','00:00:00','00:00:00',1,'00:00:00'),('535',24,'2019-10-11',0,'08:08:00','12:01:00','13:54:00','18:02:00','00:00:00','00:00:00',2,'00:01:00'),('536',24,'2019-10-12',0,'00:00:00','00:00:00','00:00:00','00:00:00','00:00:00','00:00:00',5,'00:00:00'),('537',24,'2019-10-13',0,'00:00:00','00:00:00','00:00:00','00:00:00','00:00:00','00:00:00',1,'00:00:00'),('538',23,'2019-10-11',0,'07:55:00','13:02:00','14:54:00','19:02:00','00:00:00','00:00:00',2,'01:15:00'),('539',23,'2019-10-12',0,'00:00:00','00:00:00','00:00:00','00:00:00','00:00:00','00:00:00',5,'00:00:00'),('53a295162b0c03737320f3196ff6d88245386dac',35,'2019-11-02',0,'00:00:00','00:00:00','00:00:00','00:00:00','00:00:00','00:00:00',5,'00:00:00'),('53ff8ffaefdc18500787243691b0e406c7a0c10a',16,'2019-11-02',0,'00:00:00','00:00:00','00:00:00','00:00:00','00:00:00','00:00:00',1,'00:00:00'),('54',17,'2019-10-05',0,'00:00:00','00:00:00','00:00:00','00:00:00','00:00:00','00:00:00',3,'-04:00:00'),('540',23,'2019-10-13',0,'00:00:00','00:00:00','00:00:00','00:00:00','00:00:00','00:00:00',1,'00:00:00'),('541',22,'2019-10-11',0,'08:05:00','12:05:00','14:11:00','18:03:00','00:00:00','00:00:00',2,'-00:08:00'),('542',21,'2019-10-11',0,'08:02:00','11:02:00','12:59:00','18:01:00','00:00:00','00:00:00',2,'00:02:00'),('543',20,'2019-10-11',0,'07:39:00','15:30:00','16:00:00','19:04:00','00:00:00','00:00:00',2,'02:55:00'),('544',17,'2019-10-11',0,'08:04:00','12:03:00','14:03:00','19:03:00','00:00:00','00:00:00',2,'00:59:00'),('545',19,'2019-10-11',0,'08:08:00','13:02:00','15:15:00','19:03:00','00:00:00','00:00:00',2,'00:42:00'),('546',13,'2019-10-11',0,'08:46:00','12:02:00','14:00:00','18:00:00','00:00:00','00:00:00',2,'-00:44:00'),('547',15,'2019-10-11',0,'08:49:00','11:53:00','14:28:00','19:00:00','00:00:00','00:00:00',2,'-00:24:00'),('548',14,'2019-10-11',0,'08:42:00','12:32:00','14:20:00','18:23:00','00:00:00','00:00:00',2,'-00:07:00'),('549',10,'2019-10-11',0,'06:58:00','12:10:00','12:40:00','19:15:00','00:00:00','00:00:00',2,'03:47:00'),('55',17,'2019-10-06',0,'00:00:00','00:00:00','00:00:00','00:00:00','00:00:00','00:00:00',1,'00:00:00'),('550',9,'2019-10-11',0,'07:55:00','12:05:00','13:15:00','18:02:00','00:00:00','00:00:00',2,'00:57:00'),('551',7,'2019-10-11',0,'08:05:00','11:50:00','13:11:00','17:43:00','22:10:00','23:55:00',2,'02:02:00'),('552',5,'2019-10-11',0,'07:53:00','12:03:00','14:00:00','18:04:00','00:00:00','00:00:00',2,'00:14:00'),('553',8,'2019-10-11',0,'08:10:00','12:02:00','13:59:00','17:39:00','00:00:00','00:00:00',2,'-00:28:00'),('554',4,'2019-10-11',0,'07:52:00','12:06:00','13:11:00','18:03:00','00:00:00','00:00:00',2,'01:06:00'),('555',37,'2019-10-14',0,'08:01:00','12:30:00','13:01:00','17:30:00','00:00:00','00:00:00',2,'00:58:00'),('556',37,'2019-10-15',0,'07:39:00','12:24:00','13:11:00','17:20:00','00:00:00','00:00:00',2,'00:54:00'),('557',37,'2019-10-16',0,'07:57:00','12:28:00','13:00:00','17:36:00','00:00:00','00:00:00',2,'01:07:00'),('558',31,'2019-10-14',0,'08:34:00','12:06:00','14:21:00','19:08:00','00:00:00','00:00:00',2,'00:19:00'),('559',31,'2019-10-15',0,'08:34:00','12:00:00','14:10:00','19:03:00','00:00:00','00:00:00',2,'00:19:00'),('56',16,'2019-10-01',0,'07:58:00','12:04:00','14:00:00','18:02:00','00:00:00','00:00:00',2,'00:08:00'),('560',31,'2019-10-16',0,'08:46:00','12:11:00','14:12:00','19:02:00','00:00:00','00:00:00',2,'00:15:00'),('561',15,'2019-10-14',0,'08:18:00','12:02:00','14:05:00','18:56:00','00:00:00','00:00:00',2,'00:35:00'),('562',15,'2019-10-15',0,'08:34:00','12:00:00','13:53:00','18:57:00','00:00:00','00:00:00',2,'00:30:00'),('563',15,'2019-10-16',0,'08:30:00','12:12:00','13:56:00','19:04:00','00:00:00','00:00:00',2,'00:50:00'),('564',40,'2019-10-14',0,'07:13:00','12:44:00','13:39:00','15:50:00','00:00:00','00:00:00',2,'-00:18:00'),('565',40,'2019-10-15',0,'06:50:00','12:27:00','13:57:00','16:53:00','00:00:00','00:00:00',2,'00:33:00'),('567',18,'2019-10-14',0,'08:04:00','12:01:00','12:59:00','18:03:00','00:00:00','00:00:00',2,'01:01:00'),('568',18,'2019-10-15',0,'08:13:00','12:00:00','12:57:00','18:02:00','00:00:00','00:00:00',2,'00:52:00'),('569',18,'2019-10-16',0,'07:54:00','12:01:00','13:01:00','18:03:00','00:00:00','00:00:00',2,'01:09:00'),('56e769d02f0c2b6917717c8120ef4eeef94db943',39,'0019-12-04',0,'08:07:00','12:00:00','14:00:00','18:19:00','00:00:00','00:00:00',2,'00:12:00'),('57',16,'2019-10-02',0,'08:08:00','12:01:00','14:04:00','18:02:00','00:00:00','00:00:00',2,'-00:09:00'),('570',32,'2019-10-14',0,'08:31:00','11:01:00','12:59:00','19:02:00','00:00:00','00:00:00',2,'00:33:00'),('571',32,'2019-10-15',0,'08:03:00','12:58:00','19:02:00','19:02:00','00:00:00','00:00:00',2,'-03:05:00'),('572',32,'2019-10-16',0,'08:18:00','11:04:00','13:11:00','19:01:00','00:00:00','00:00:00',2,'00:36:00'),('573',6,'2019-10-14',0,'08:00:00','12:05:00','13:59:00','18:04:00','00:00:00','00:00:00',2,'00:10:00'),('574',6,'2019-10-15',0,'08:00:00','12:01:00','13:59:00','18:02:00','00:00:00','00:00:00',2,'00:04:00'),('575',6,'2019-10-16',0,'08:00:00','12:02:00','14:00:00','18:05:00','00:00:00','00:00:00',2,'00:07:00'),('576',3,'2019-10-14',0,'07:13:00','12:05:00','12:24:00','16:36:00','00:00:00','00:00:00',2,'01:04:00'),('577',3,'2019-10-15',0,'07:19:00','12:01:00','12:22:00','16:58:00','00:00:00','00:00:00',2,'01:18:00'),('578',3,'2019-10-16',0,'07:22:00','11:56:00','12:31:00','16:47:00','00:00:00','00:00:00',2,'00:50:00'),('579',11,'2019-10-14',0,'08:03:00','12:00:00','13:07:00','18:09:00','00:00:00','00:00:00',2,'00:59:00'),('58',16,'2019-10-03',0,'08:04:00','12:01:00','14:00:00','18:02:00','00:00:00','00:00:00',2,'-00:01:00'),('580',11,'2019-10-15',0,'08:18:00','12:01:00','13:17:00','18:11:00','00:00:00','00:00:00',2,'00:37:00'),('581',11,'2019-10-16',0,'08:33:00','12:00:00','12:56:00','18:04:00','00:00:00','00:00:00',2,'00:35:00'),('582',39,'2019-10-14',0,'08:00:00','12:24:00','14:18:00','18:26:00','00:00:00','00:00:00',2,'00:32:00'),('583',39,'2019-10-15',0,'07:59:00','12:01:00','13:55:00','18:16:00','00:00:00','00:00:00',2,'00:23:00'),('584',39,'2019-10-16',0,'08:00:00','12:05:00','15:13:00','18:12:00','00:00:00','00:00:00',2,'-00:56:00'),('585',38,'2019-10-14',0,'08:00:00','12:05:00','13:58:00','19:02:00','00:00:00','00:00:00',2,'01:09:00'),('586',38,'2019-10-15',0,'07:57:00','12:12:00','13:57:00','19:01:00','00:00:00','00:00:00',2,'01:19:00'),('587',38,'2019-10-16',0,'08:00:00','12:44:00','13:37:00','18:55:00','00:00:00','00:00:00',2,'02:02:00'),('588',2,'2019-10-14',0,'07:46:00','11:59:00','13:21:00','18:50:00','00:00:00','00:00:00',2,'01:42:00'),('589',2,'2019-10-15',0,'07:50:00','12:12:00','13:39:00','18:27:00','00:00:00','00:00:00',2,'01:10:00'),('58f0bde83364cafc3acafdbddb185cbc59e9eece',30,'2019-11-02',0,'00:00:00','00:00:00','00:00:00','00:00:00','00:00:00','00:00:00',5,'00:00:00'),('59',16,'2019-10-05',0,'00:00:00','00:00:00','00:00:00','00:00:00','00:00:00','00:00:00',3,'-04:00:00'),('590',2,'2019-10-16',0,'07:43:00','11:54:00','13:30:00','19:02:00','00:00:00','00:00:00',2,'01:43:00'),('591',35,'2019-10-14',0,'07:40:00','12:01:00','13:30:00','18:17:00','00:00:00','00:00:00',2,'01:08:00'),('592',35,'2019-10-15',0,'07:56:00','12:12:00','13:56:00','18:33:00','00:00:00','00:00:00',2,'00:53:00'),('593',35,'2019-10-16',0,'07:54:00','12:03:00','13:36:00','18:04:00','00:00:00','00:00:00',2,'00:37:00'),('594',33,'2019-10-14',0,'08:13:00','12:04:00','12:33:00','18:00:00','00:00:00','00:00:00',2,'01:18:00'),('595',33,'2019-10-15',0,'08:05:00','12:02:00','13:47:00','18:00:00','00:00:00','00:00:00',2,'00:10:00'),('596',33,'2019-10-16',0,'08:05:00','12:09:00','12:46:00','18:00:00','00:00:00','00:00:00',2,'01:18:00'),('597',30,'2019-10-14',0,'07:52:00','11:57:00','13:45:00','17:59:00','00:00:00','00:00:00',2,'00:19:00'),('598',30,'2019-10-15',0,'08:03:00','12:19:00','14:06:00','18:15:00','00:00:00','00:00:00',2,'00:25:00'),('599',30,'2019-10-16',0,'07:50:00','12:02:00','13:32:00','18:06:00','00:00:00','00:00:00',2,'00:46:00'),('5a951df85e67192e47942927a7c6c1d1359e49d4',24,'2019-11-03',0,'00:00:00','00:00:00','00:00:00','00:00:00','00:00:00','00:00:00',1,'00:00:00'),('5c4f767787a6bf47b48e0e620b191a3bd223602b',26,'2019-10-22',0,'08:04:00','13:10:00','15:00:00','18:05:00','00:00:00','00:00:00',2,'00:11:00'),('5c53873d65269e7552509788f2465f51b20f1896',1,'2019-11-02',0,'00:00:00','00:00:00','00:00:00','00:00:00','00:00:00','00:00:00',5,'00:00:00'),('5cfb72ff49cff3a25ddbb82baf215379198046b3',35,'2019-11-04',0,'08:30:00','11:33:00','12:37:00','18:03:00','00:00:00','00:00:00',2,'00:29:00'),('5fbcef07d0679f853d49841fe368c02abc34c1d9',1,'2019-11-04',0,'07:22:00','12:17:00','13:30:00','17:58:00','00:00:00','00:00:00',2,'01:23:00'),('5ffe24f28c042946f97168dd4a98ab44b0dc57f2',34,'2019-11-03',0,'00:00:00','00:00:00','00:00:00','00:00:00','00:00:00','00:00:00',1,'00:00:00'),('6',28,'2019-10-01',0,'07:53:00','12:04:00','13:54:00','18:07:00','00:00:00','00:00:00',2,'00:24:00'),('60',16,'2019-10-06',0,'00:00:00','00:00:00','00:00:00','00:00:00','00:00:00','00:00:00',1,'00:00:00'),('600',29,'2019-10-14',0,'08:00:00','11:58:00','13:56:00','17:59:00','00:00:00','00:00:00',2,'00:01:00'),('601',29,'2019-10-15',0,'07:59:00','12:02:00','14:00:00','18:01:00','00:00:00','00:00:00',2,'00:04:00'),('602',29,'2019-10-16',0,'08:01:00','12:00:00','13:53:00','18:14:00','00:00:00','00:00:00',2,'00:20:00'),('6023a03e83b3375534c80073f7e375dea10d3496',27,'2019-11-02',0,'00:00:00','00:00:00','00:00:00','00:00:00','00:00:00','00:00:00',1,'00:00:00'),('603',28,'2019-10-14',0,'08:01:00','12:06:00','13:54:00','18:52:00','00:00:00','00:00:00',2,'01:03:00'),('604',28,'2019-10-15',0,'07:55:00','12:09:00','13:54:00','18:40:00','00:00:00','00:00:00',2,'01:00:00'),('605',28,'2019-10-16',0,'07:51:00','12:09:00','13:56:00','18:47:00','00:00:00','00:00:00',2,'01:09:00'),('606',27,'2019-10-14',0,'08:04:00','12:02:00','12:55:00','18:03:00','00:00:00','00:00:00',2,'01:06:00'),('607',27,'2019-10-15',0,'08:08:00','12:00:00','12:57:00','18:13:00','00:00:00','00:00:00',2,'01:08:00'),('608',27,'2019-10-16',0,'08:03:00','12:02:00','13:08:00','18:21:00','00:00:00','00:00:00',2,'01:12:00'),('609',26,'2019-10-14',0,'08:10:00','13:08:00','14:29:00','18:39:00','00:00:00','00:00:00',2,'01:08:00'),('61',7,'2019-10-01',0,'07:45:00','12:02:00','13:49:00','18:26:00','00:00:00','00:00:00',2,'00:54:00'),('610',26,'2019-10-15',0,'07:59:00','13:06:00','14:31:00','18:36:00','00:00:00','00:00:00',2,'01:12:00'),('611',26,'2019-10-16',0,'08:04:00','13:13:00','14:31:00','18:42:00','00:00:00','00:00:00',2,'01:20:00'),('612',24,'2019-10-14',0,'08:14:00','12:04:00','13:11:00','19:00:00','00:00:00','00:00:00',2,'01:39:00'),('613',24,'2019-10-15',0,'08:00:00','12:01:00','13:12:00','19:01:00','00:00:00','00:00:00',2,'01:50:00'),('614',24,'2019-10-16',0,'08:05:00','14:03:00','14:03:00','14:03:00','00:00:00','00:00:00',2,'-02:02:00'),('615',23,'2019-10-14',0,'08:03:00','13:07:00','14:55:00','18:27:00','00:00:00','00:00:00',2,'00:36:00'),('616',23,'2019-10-15',0,'07:55:00','13:10:00','14:57:00','18:12:00','00:00:00','00:00:00',2,'00:30:00'),('617',23,'2019-10-16',0,'07:54:00','13:05:00','14:52:00','18:10:00','00:00:00','00:00:00',2,'00:29:00'),('618',22,'2019-10-14',0,'08:02:00','12:04:00','14:03:00','19:02:00','00:00:00','00:00:00',2,'01:01:00'),('619',22,'2019-10-15',0,'07:59:00','12:02:00','14:05:00','19:03:00','00:00:00','00:00:00',2,'01:01:00'),('62',7,'2019-10-02',0,'08:03:00','12:23:00','14:04:00','18:41:00','00:00:00','00:00:00',2,'00:57:00'),('620',22,'2019-10-16',0,'08:01:00','12:06:00','14:05:00','19:04:00','00:00:00','00:00:00',2,'01:04:00'),('621',25,'2019-10-14',0,'08:21:00','12:39:00','13:59:00','18:50:00','00:00:00','00:00:00',2,'01:09:00'),('62191eb1520c89e8cd6bcf00f2b83a39bfb858db',23,'2019-11-04',0,'07:56:00','13:02:00','14:57:00','19:02:00','00:00:00','00:00:00',2,'01:11:00'),('622',25,'2019-10-15',0,'08:08:00','12:33:00','13:41:00','18:20:00','00:00:00','00:00:00',2,'01:04:00'),('623',25,'2019-10-16',0,'08:14:00','12:21:00','13:56:00','19:03:00','00:00:00','00:00:00',2,'01:14:00'),('624',21,'2019-10-14',0,'08:00:00','11:07:00','12:59:00','19:01:00','00:00:00','00:00:00',2,'01:09:00'),('625',21,'2019-10-15',0,'07:58:00','11:04:00','13:06:00','19:00:00','00:00:00','00:00:00',2,'01:00:00'),('626',21,'2019-10-16',0,'07:58:00','11:05:00','13:00:00','19:01:00','00:00:00','00:00:00',2,'01:08:00'),('627',20,'2019-10-14',0,'08:05:00','13:53:00','15:53:00','18:19:00','00:00:00','00:00:00',2,'00:14:00'),('628',20,'2019-10-15',0,'08:14:00','13:10:00','14:43:00','18:33:00','00:00:00','00:00:00',2,'00:46:00'),('629',20,'2019-10-16',0,'08:06:00','13:09:00','14:55:00','18:26:00','00:00:00','00:00:00',2,'00:34:00'),('62f9fc5447554d5aab456abcc9180af01df6bd68',3,'2019-11-02',0,'00:00:00','00:00:00','00:00:00','00:00:00','00:00:00','00:00:00',5,'00:00:00'),('63',7,'2019-10-03',0,'08:05:00','12:07:00','14:00:00','18:10:00','00:00:00','00:00:00',2,'00:12:00'),('630',19,'2019-10-14',0,'08:16:00','13:07:00','15:09:00','18:55:00','00:00:00','00:00:00',2,'00:37:00'),('631',19,'2019-10-15',0,'08:15:00','13:08:00','15:24:00','18:06:00','00:00:00','00:00:00',2,'-00:25:00'),('632',19,'2019-10-16',0,'08:01:00','12:57:00','15:17:00','19:04:00','00:00:00','00:00:00',2,'00:43:00'),('632d07f8664bb331397bddeb8e12b65b0043ae58',35,'2019-11-01',0,'08:08:00','12:36:00','13:44:00','18:47:00','00:00:00','00:00:00',2,'01:31:00'),('633',17,'2019-10-14',0,'08:19:00','13:16:00','12:31:00','18:58:00','00:00:00','00:00:00',2,'03:24:00'),('634',17,'2019-10-15',0,'07:55:00','12:58:00','14:09:00','18:24:00','00:00:00','00:00:00',2,'01:18:00'),('635',17,'2019-10-16',0,'07:53:00','12:27:00','13:59:00','18:30:00','00:00:00','00:00:00',2,'01:05:00'),('636',1,'2019-10-14',0,'07:38:00','12:19:00','13:39:00','18:03:00','00:00:00','00:00:00',2,'01:05:00'),('637',1,'2019-10-15',0,'07:57:00','12:15:00','13:36:00','18:01:00','00:00:00','00:00:00',2,'00:43:00'),('638',1,'2019-10-16',0,'07:44:00','12:12:00','13:39:00','18:02:00','00:00:00','00:00:00',2,'00:51:00'),('639',13,'2019-10-14',0,'08:43:00','12:05:00','14:00:00','19:02:00','00:00:00','00:00:00',2,'00:24:00'),('6393e95656f5f4e7412d5a71d259e14b8af88c35',15,'2019-11-02',0,'00:00:00','00:00:00','00:00:00','00:00:00','00:00:00','00:00:00',5,'00:00:00'),('64',7,'2019-10-05',0,'00:00:00','00:00:00','00:00:00','00:00:00','00:00:00','00:00:00',3,'-04:00:00'),('640',13,'2019-10-15',0,'08:29:00','12:03:00','14:03:00','19:02:00','00:00:00','00:00:00',2,'00:33:00'),('64061af3d19a146439ddef49be99566645e4e8d9',36,'2019-10-09',0,'08:00:00','12:00:00','14:00:00','18:00:00','00:00:00','00:00:00',2,'00:00:00'),('642',13,'2019-10-16',0,'08:36:00','12:07:00','13:57:00','19:01:00','00:00:00','00:00:00',2,'00:35:00'),('643',14,'2019-10-14',0,'08:21:00','12:20:00','14:24:00','18:55:00','00:00:00','00:00:00',2,'00:30:00'),('644',14,'2019-10-15',0,'07:18:00','12:02:00','14:09:00','18:06:00','00:00:00','00:00:00',2,'00:41:00'),('645',14,'2019-10-16',0,'08:09:00','12:09:00','14:14:00','18:46:00','00:00:00','00:00:00',2,'00:32:00'),('646',12,'2019-10-14',0,'08:04:00','11:02:00','13:00:00','18:01:00','00:00:00','00:00:00',2,'-00:01:00'),('647',12,'2019-10-15',0,'08:02:00','11:00:00','18:02:00','00:00:00','00:00:00','00:00:00',2,'00:56:00'),('648',12,'2019-10-16',0,'08:00:00','11:13:00','13:00:00','18:04:00','00:00:00','00:00:00',2,'00:17:00'),('649',10,'2019-10-14',0,'09:00:00','13:22:00','14:23:00','18:59:00','00:00:00','00:00:00',2,'00:58:00'),('65',7,'2019-10-06',0,'00:00:00','00:00:00','00:00:00','00:00:00','00:00:00','00:00:00',1,'00:00:00'),('650',10,'2019-10-15',0,'08:49:00','12:01:00','13:13:00','19:00:00','00:00:00','00:00:00',2,'00:59:00'),('651',10,'2019-10-16',0,'09:09:00','13:02:00','14:01:00','19:03:00','00:00:00','00:00:00',2,'00:55:00'),('652',7,'2019-10-14',0,'08:04:00','11:49:00','13:27:00','18:27:00','00:00:00','00:00:00',2,'00:45:00'),('653',7,'2019-10-15',0,'08:04:00','12:12:00','13:24:00','18:30:00','00:00:00','00:00:00',2,'01:14:00'),('654',7,'2019-10-16',0,'07:49:00','12:15:00','13:42:00','18:13:00','00:00:00','00:00:00',2,'00:57:00'),('656',5,'2019-10-15',0,'07:28:00','12:01:00','13:50:00','18:07:00','00:00:00','00:00:00',2,'00:50:00'),('657',5,'2019-10-16',0,'07:28:00','12:04:00','13:31:00','18:05:00','00:00:00','00:00:00',2,'01:10:00'),('658',8,'2019-10-14',0,'08:00:00','12:03:00','13:59:00','18:58:00','00:00:00','00:00:00',2,'01:02:00'),('659',4,'2019-10-14',0,'08:11:00','12:15:00','13:10:00','18:21:00','00:00:00','00:00:00',2,'01:15:00'),('66',12,'2019-10-01',0,'09:05:00','11:03:00','13:00:00','18:03:00','00:00:00','00:00:00',2,'-00:59:00'),('660',4,'2019-10-15',0,'07:43:00','12:09:00','13:19:00','18:00:00','00:00:00','00:00:00',2,'01:07:00'),('661',4,'2019-10-16',0,'08:08:00','12:17:00','13:23:00','18:00:00','00:00:00','00:00:00',2,'00:46:00'),('662',3,'2019-10-19',0,'00:00:00','00:00:00','00:00:00','00:00:00','00:00:00','00:00:00',3,'-04:00:00'),('663',3,'2019-10-20',0,'00:00:00','00:00:00','00:00:00','00:00:00','00:00:00','00:00:00',1,'00:00:00'),('664',4,'2019-10-19',0,'00:00:00','00:00:00','00:00:00','00:00:00','00:00:00','00:00:00',3,'-04:00:00'),('665',4,'2019-10-20',0,'00:00:00','00:00:00','00:00:00','00:00:00','00:00:00','00:00:00',1,'00:00:00'),('666',4,'2019-10-17',0,'08:00:00','12:00:00','14:00:00','18:00:00','00:00:00','00:00:00',6,'00:00:00'),('667',4,'2019-10-18',0,'08:00:00','12:00:00','14:00:00','18:00:00','00:00:00','00:00:00',6,'00:00:00'),('66790872a7de53b22d3a8eeb05f5f4ed00eb2b7c',27,'2019-11-03',0,'00:00:00','00:00:00','00:00:00','00:00:00','00:00:00','00:00:00',1,'00:00:00'),('668',8,'2019-10-19',0,'00:00:00','00:00:00','00:00:00','00:00:00','00:00:00','00:00:00',3,'-04:00:00'),('669',8,'2019-10-20',0,'00:00:00','00:00:00','00:00:00','00:00:00','00:00:00','00:00:00',1,'00:00:00'),('66d8b9f34c9822cb8586082577c6b8ac5d3f0284',16,'2019-11-04',0,'00:00:00','00:00:00','00:00:00','00:00:00','00:00:00','00:00:00',1,'00:00:00'),('67',12,'2019-10-02',0,'09:01:00','11:07:00','13:01:00','18:02:00','00:00:00','00:00:00',2,'-00:53:00'),('670',7,'2019-10-19',0,'00:00:00','00:00:00','00:00:00','00:00:00','00:00:00','00:00:00',3,'-04:00:00'),('671',7,'2019-10-20',0,'00:00:00','00:00:00','00:00:00','00:00:00','00:00:00','00:00:00',1,'00:00:00'),('672',9,'2019-10-19',0,'00:00:00','00:00:00','00:00:00','00:00:00','00:00:00','00:00:00',3,'-04:00:00'),('673',9,'2019-10-20',0,'00:00:00','00:00:00','00:00:00','00:00:00','00:00:00','00:00:00',1,'00:00:00'),('674',10,'2019-10-19',0,'00:00:00','00:00:00','00:00:00','00:00:00','00:00:00','00:00:00',3,'-04:00:00'),('675',10,'2019-10-20',0,'00:00:00','00:00:00','00:00:00','00:00:00','00:00:00','00:00:00',1,'00:00:00'),('676',11,'2019-10-19',0,'00:00:00','00:00:00','00:00:00','00:00:00','00:00:00','00:00:00',3,'-04:00:00'),('677',11,'2019-10-20',0,'00:00:00','00:00:00','00:00:00','00:00:00','00:00:00','00:00:00',1,'00:00:00'),('678',12,'2019-10-19',0,'08:05:00','13:07:00','13:07:00','13:07:00','00:00:00','00:00:00',3,'01:02:00'),('679',12,'2019-10-20',0,'00:00:00','00:00:00','00:00:00','00:00:00','00:00:00','00:00:00',1,'00:00:00'),('68',12,'2019-10-03',0,'09:02:00','11:13:00','13:02:00','18:13:00','00:00:00','00:00:00',2,'-00:38:00'),('680',14,'2019-10-19',0,'00:00:00','00:00:00','00:00:00','00:00:00','00:00:00','00:00:00',3,'-04:00:00'),('681',14,'2019-10-20',0,'00:00:00','00:00:00','00:00:00','00:00:00','00:00:00','00:00:00',1,'00:00:00'),('682',15,'2019-10-19',0,'00:00:00','00:00:00','00:00:00','00:00:00','00:00:00','00:00:00',3,'-04:00:00'),('683',15,'2019-10-20',0,'00:00:00','00:00:00','00:00:00','00:00:00','00:00:00','00:00:00',1,'00:00:00'),('684',1,'2019-10-19',0,'00:00:00','00:00:00','00:00:00','00:00:00','00:00:00','00:00:00',3,'-04:00:00'),('685',1,'2019-10-20',0,'00:00:00','00:00:00','00:00:00','00:00:00','00:00:00','00:00:00',1,'00:00:00'),('686',13,'2019-10-19',0,'00:00:00','00:00:00','00:00:00','00:00:00','00:00:00','00:00:00',3,'-04:00:00'),('687',13,'2019-10-20',0,'00:00:00','00:00:00','00:00:00','00:00:00','00:00:00','00:00:00',1,'00:00:00'),('688',17,'2019-10-19',0,'08:35:00','12:59:00','00:00:00','00:00:00','00:00:00','00:00:00',3,'00:24:00'),('689',17,'2019-10-20',0,'00:00:00','00:00:00','00:00:00','00:00:00','00:00:00','00:00:00',1,'00:00:00'),('69',12,'2019-10-05',0,'07:58:00','13:08:00','13:08:00','13:08:00','00:00:00','00:00:00',3,'01:10:00'),('690',18,'2019-10-19',0,'00:00:00','00:00:00','00:00:00','00:00:00','00:00:00','00:00:00',3,'-04:00:00'),('691',18,'2019-10-20',0,'00:00:00','00:00:00','00:00:00','00:00:00','00:00:00','00:00:00',1,'00:00:00'),('693',2,'2019-10-20',0,'00:00:00','00:00:00','00:00:00','00:00:00','00:00:00','00:00:00',1,'00:00:00'),('693e32b9e2798eccfd725d3e49633f491d312ad7',17,'2019-11-03',0,'00:00:00','00:00:00','00:00:00','00:00:00','00:00:00','00:00:00',1,'00:00:00'),('694',19,'2019-10-20',0,'00:00:00','00:00:00','00:00:00','00:00:00','00:00:00','00:00:00',1,'00:00:00'),('695',20,'2019-10-19',0,'07:59:00','13:12:00','13:12:00','13:12:00','00:00:00','00:00:00',3,'01:13:00'),('696',20,'2019-10-20',0,'00:00:00','00:00:00','00:00:00','00:00:00','00:00:00','00:00:00',1,'00:00:00'),('697',22,'2019-10-19',0,'00:00:00','00:00:00','00:00:00','00:00:00','00:00:00','00:00:00',3,'-04:00:00'),('698',22,'2019-10-20',0,'00:00:00','00:00:00','00:00:00','00:00:00','00:00:00','00:00:00',1,'00:00:00'),('699',23,'2019-10-19',0,'07:59:00','13:12:00','13:12:00','13:12:00','00:00:00','00:00:00',3,'01:13:00'),('6a39ab1c577bb9c03644f91de420f609609edbe1',25,'2019-11-01',0,'08:28:00','12:09:00','13:59:00','18:06:00','00:00:00','00:00:00',2,'-00:12:00'),('6ab521be05357059b2f25ff381767b664a6f82dd',12,'2019-11-02',0,'00:00:00','00:00:00','00:00:00','00:00:00','00:00:00','00:00:00',5,'00:00:00'),('6ba1ddf8d0fde5c32e024276ece5c54bb0ebc987',4,'2019-11-04',0,'08:07:00','12:00:00','13:25:00','18:15:00','00:00:00','00:00:00',2,'00:43:00'),('6bafabf3cd88bc8f972910cc4c594962a5b93abe',40,'2019-10-16',0,'06:51:00','12:37:00','13:41:00','16:54:00','00:00:00','00:00:00',2,'00:59:00'),('6cf797e36174569acb7c530b6b71badac31e1ea4',27,'2019-10-03',0,'08:26:00','12:20:00','13:48:00','18:14:00','00:00:00','00:00:00',2,'00:20:00'),('6d5457441bcb1f8640ff0f64ed070de453306673',13,'2019-11-03',0,'00:00:00','00:00:00','00:00:00','00:00:00','00:00:00','00:00:00',4,'-08:00:00'),('6d8f82f490531f4c60d095c53e06c6fa33de4ebb',9,'2019-10-18',0,'08:00:00','12:00:00','13:20:00','18:21:00','00:00:00','00:00:00',2,'01:01:00'),('7',28,'2019-10-02',0,'07:55:00','12:00:00','14:00:00','14:07:00','00:00:00','00:00:00',2,'-03:48:00'),('70',12,'2019-10-11',0,'07:57:00','11:07:00','12:30:00','18:29:00','00:00:00','00:00:00',2,'01:09:00'),('700',23,'2019-10-20',0,'00:00:00','00:00:00','00:00:00','00:00:00','00:00:00','00:00:00',1,'00:00:00'),('701',24,'2019-10-19',0,'00:00:00','00:00:00','00:00:00','00:00:00','00:00:00','00:00:00',3,'-04:00:00'),('702',24,'2019-10-20',0,'00:00:00','00:00:00','00:00:00','00:00:00','00:00:00','00:00:00',1,'00:00:00'),('703',25,'2019-10-19',0,'00:00:00','00:00:00','00:00:00','00:00:00','00:00:00','00:00:00',3,'-04:00:00'),('704',25,'2019-10-20',0,'00:00:00','00:00:00','00:00:00','00:00:00','00:00:00','00:00:00',1,'00:00:00'),('7044c4d2d78b0b6dded9b11a67d759f5b5e27cae',38,'2019-11-01',0,'07:59:00','12:05:00','13:56:00','19:06:00','00:00:00','00:00:00',2,'01:16:00'),('705',26,'2019-10-19',0,'00:00:00','00:00:00','00:00:00','00:00:00','00:00:00','00:00:00',3,'-04:00:00'),('706',26,'2019-10-20',0,'00:00:00','00:00:00','00:00:00','00:00:00','00:00:00','00:00:00',1,'00:00:00'),('707',27,'2019-10-19',0,'00:00:00','00:00:00','00:00:00','00:00:00','00:00:00','00:00:00',3,'-04:00:00'),('708',27,'2019-10-20',0,'00:00:00','00:00:00','00:00:00','00:00:00','00:00:00','00:00:00',1,'00:00:00'),('709',28,'2019-10-19',0,'00:00:00','00:00:00','00:00:00','00:00:00','00:00:00','00:00:00',3,'-04:00:00'),('71',26,'2019-10-01',0,'08:04:00','13:03:00','14:29:00','18:40:00','00:00:00','00:00:00',2,'01:10:00'),('710',27,'2019-01-12',0,'00:00:00','00:00:00','00:00:00','00:00:00','00:00:00','00:00:00',1,'00:00:00'),('711',29,'2019-10-19',0,'08:01:00','13:01:00','13:01:00','13:01:00','00:00:00','00:00:00',3,'01:00:00'),('712',29,'2019-10-20',0,'00:00:00','00:00:00','00:00:00','00:00:00','00:00:00','00:00:00',1,'00:00:00'),('713',30,'2019-10-19',0,'00:00:00','00:00:00','00:00:00','00:00:00','00:00:00','00:00:00',3,'-04:00:00'),('714',30,'2019-10-20',0,'00:00:00','00:59:00','00:00:00','00:00:00','00:00:00','00:00:00',1,'00:59:00'),('715',31,'2019-10-19',0,'00:00:00','00:00:00','00:00:00','00:00:00','00:00:00','00:00:00',3,'-04:00:00'),('716',32,'2019-10-19',0,'00:00:00','00:00:00','00:00:00','00:00:00','00:00:00','00:00:00',3,'-04:00:00'),('717',32,'2019-10-20',0,'00:00:00','00:00:00','00:00:00','00:00:00','00:00:00','00:00:00',1,'00:00:00'),('718',33,'2019-10-19',0,'00:00:00','00:00:00','00:00:00','00:00:00','00:00:00','00:00:00',3,'-04:00:00'),('719',35,'2019-10-19',0,'09:37:00','12:49:00','12:49:00','12:49:00','00:00:00','00:00:00',3,'-00:48:00'),('72',26,'2019-10-02',0,'08:10:00','13:10:00','14:30:00','18:37:00','00:00:00','00:00:00',2,'01:07:00'),('720',35,'2019-10-20',0,'00:00:00','00:00:00','00:00:00','00:00:00','00:00:00','00:00:00',1,'00:00:00'),('721',2,'2019-10-19',0,'00:00:00','00:00:00','00:00:00','00:00:00','00:00:00','00:00:00',3,'-04:00:00'),('722',36,'2019-10-19',0,'00:00:00','00:00:00','00:00:00','00:00:00','00:00:00','00:00:00',3,'-04:00:00'),('723',36,'2019-10-20',0,'00:00:00','00:00:00','00:00:00','00:00:00','00:00:00','00:00:00',1,'00:00:00'),('724',37,'2019-10-19',0,'00:00:00','00:00:00','00:00:00','00:00:00','00:00:00','00:00:00',3,'-04:00:00'),('725',37,'2019-10-20',0,'00:00:00','00:00:00','00:00:00','00:00:00','00:00:00','00:00:00',1,'00:00:00'),('726',38,'2019-10-19',0,'00:00:00','00:00:00','00:00:00','00:00:00','00:00:00','00:00:00',3,'-04:00:00'),('727',38,'2019-10-20',0,'00:00:00','00:00:00','00:00:00','00:00:00','00:00:00','00:00:00',1,'00:00:00'),('727ee12a7cbd7dd7cafde6330161e1b61d1d98e2',29,'2019-11-01',0,'07:58:00','10:59:00','12:59:00','18:17:00','00:00:00','00:00:00',2,'00:19:00'),('728',39,'2019-10-19',0,'00:00:00','00:00:00','00:00:00','00:00:00','00:00:00','00:00:00',3,'-04:00:00'),('729',39,'2019-10-20',0,'00:00:00','00:00:00','00:00:00','00:00:00','00:00:00','00:00:00',1,'00:00:00'),('73',26,'2019-10-03',0,'08:05:00','13:12:00','14:29:00','18:35:00','00:00:00','00:00:00',2,'01:13:00'),('730',40,'2019-10-19',0,'00:00:00','00:00:00','00:00:00','00:00:00','00:00:00','00:00:00',3,'-04:00:00'),('731',40,'2019-10-20',0,'00:00:00','00:00:00','00:00:00','00:00:00','00:00:00','00:00:00',1,'00:00:00'),('732',41,'2019-10-20',0,'00:00:00','00:00:00','00:00:00','00:00:00','00:00:00','00:00:00',1,'00:00:00'),('733',41,'2019-10-19',0,'00:00:00','00:00:00','00:00:00','00:00:00','00:00:00','00:00:00',3,'-04:00:00'),('734',1,'2019-10-17',0,'07:26:00','12:12:00','13:39:00','18:02:00','00:00:00','00:00:00',2,'01:09:00'),('735',1,'2019-10-18',0,'07:52:00','12:03:00','13:55:00','18:01:00','00:00:00','00:00:00',2,'00:17:00'),('736',1,'2019-10-21',0,'00:00:00','00:00:00','00:00:00','00:00:00','00:00:00','00:00:00',1,'00:00:00'),('737',10,'2019-10-17',0,'09:09:00','12:18:00','13:56:00','19:02:00','00:00:00','00:00:00',2,'00:15:00'),('738',10,'2019-10-21',0,'00:00:00','00:00:00','00:00:00','00:00:00','00:00:00','00:00:00',1,'00:00:00'),('739',15,'2019-10-17',0,'08:37:00','12:05:00','13:52:00','19:02:00','00:00:00','00:00:00',2,'00:38:00'),('74',26,'2019-10-05',0,'00:00:00','00:00:00','00:00:00','00:00:00','00:00:00','00:00:00',3,'-04:00:00'),('740',15,'2019-10-18',0,'08:25:00','12:15:00','13:31:00','19:02:00','00:00:00','00:00:00',2,'01:21:00'),('741',15,'2019-10-21',0,'00:00:00','00:00:00','00:00:00','00:00:00','00:00:00','00:00:00',1,'00:00:00'),('742',31,'2019-10-17',0,'09:10:00','12:08:00','13:43:00','19:04:00','00:00:00','00:00:00',2,'00:19:00'),('744',31,'2019-10-21',0,'00:00:00','00:00:00','00:00:00','00:00:00','00:00:00','00:00:00',1,'00:00:00'),('745',31,'2019-10-18',0,'08:34:00','12:02:00','14:10:00','19:02:00','00:00:00','00:00:00',2,'00:20:00'),('746',31,'2019-10-20',0,'00:00:00','00:00:00','00:00:00','00:00:00','00:00:00','00:00:00',1,'00:00:00'),('747',37,'2019-10-17',0,'07:46:00','12:35:00','13:14:00','17:53:00','00:00:00','00:00:00',2,'01:28:00'),('747f980912007e55417c6cd7fb0dac6dabed7bb2',10,'2019-11-03',0,'00:00:00','00:00:00','00:00:00','00:00:00','00:00:00','00:00:00',1,'00:00:00'),('748',37,'2019-10-21',0,'00:00:00','00:00:00','00:00:00','00:00:00','00:00:00','00:00:00',1,'00:00:00'),('749',37,'2019-10-18',0,'08:00:00','12:26:00','13:56:00','17:37:00','00:00:00','00:00:00',2,'00:07:00'),('75',26,'2019-10-06',0,'00:00:00','00:00:00','00:00:00','00:00:00','00:00:00','00:00:00',1,'00:00:00'),('751',40,'2019-10-18',0,'06:44:00','12:48:00','13:50:00','15:58:00','00:00:00','00:00:00',2,'00:12:00'),('752',40,'2019-10-21',0,'00:00:00','00:00:00','00:00:00','00:00:00','00:00:00','00:00:00',1,'00:00:00'),('753',32,'2019-10-17',0,'08:09:00','11:01:00','13:34:00','19:01:00','00:00:00','00:00:00',2,'00:19:00'),('753da13674a05b856bbe981a516a7b560e137efd',6,'2019-11-04',0,'08:00:00','12:04:00','14:00:00','19:02:00','00:00:00','00:00:00',2,'01:06:00'),('754',32,'2019-10-18',0,'08:25:00','11:04:00','12:59:00','19:02:00','00:00:00','00:00:00',2,'00:42:00'),('755',32,'2019-10-21',0,'00:00:00','00:00:00','00:00:00','00:00:00','00:00:00','00:00:00',1,'00:00:00'),('756',18,'2019-10-17',0,'08:18:00','12:09:00','12:59:00','18:07:00','00:00:00','00:00:00',2,'00:59:00'),('757',18,'2019-10-18',0,'08:02:00','12:01:00','13:00:00','18:00:00','00:00:00','00:00:00',2,'00:59:00'),('758',18,'2019-10-21',0,'00:00:00','00:00:00','00:00:00','00:00:00','00:00:00','00:00:00',1,'00:00:00'),('759',6,'2019-10-17',0,'08:00:00','12:09:00','13:59:00','18:07:00','00:00:00','00:00:00',2,'00:17:00'),('76',23,'2019-10-01',0,'08:16:00','13:04:00','15:01:00','18:11:00','00:00:00','00:00:00',2,'-00:02:00'),('760',6,'2019-10-18',0,'08:00:00','12:00:00','13:58:00','18:03:00','00:00:00','00:00:00',2,'00:05:00'),('761',6,'2019-10-19',0,'07:59:00','13:02:00','13:02:00','13:02:00','00:00:00','00:00:00',3,'01:03:00'),('762',6,'2019-10-20',0,'00:00:00','00:00:00','00:00:00','00:00:00','00:00:00','00:00:00',1,'00:00:00'),('763',6,'2019-10-21',0,'00:00:00','00:00:00','00:00:00','00:00:00','00:00:00','00:00:00',1,'00:00:00'),('764',11,'2019-10-17',0,'07:59:00','12:05:00','13:02:00','18:23:00','00:00:00','00:00:00',2,'01:27:00'),('765',11,'2019-10-18',0,'08:06:00','12:00:00','13:00:00','18:05:00','00:00:00','00:00:00',2,'00:59:00'),('766',11,'2019-10-21',0,'00:00:00','00:00:00','00:00:00','00:00:00','00:00:00','00:00:00',1,'00:00:00'),('767',3,'2019-10-17',0,'07:16:00','11:56:00','13:01:00','16:59:00','00:00:00','00:00:00',2,'00:38:00'),('768',3,'2019-10-18',0,'07:19:00','11:56:00','12:52:00','16:25:00','00:00:00','00:00:00',2,'00:10:00'),('769',3,'2019-10-21',0,'00:00:00','00:00:00','00:00:00','00:00:00','00:00:00','00:00:00',1,'00:00:00'),('77',23,'2019-10-02',0,'08:31:00','13:15:00','15:11:00','18:10:00','00:00:00','00:00:00',2,'-00:17:00'),('770',39,'2019-10-17',0,'07:59:00','12:00:00','13:56:00','18:13:00','00:00:00','00:00:00',2,'00:18:00'),('771',39,'2019-10-18',0,'07:59:00','11:59:00','13:59:00','18:18:00','00:00:00','00:00:00',2,'00:19:00'),('772',39,'2019-10-21',0,'00:00:00','00:00:00','00:00:00','00:00:00','00:00:00','00:00:00',1,'00:00:00'),('773',38,'2019-10-17',0,'07:59:00','12:02:00','13:58:00','19:01:00','00:00:00','00:00:00',2,'01:06:00'),('774',38,'2019-10-18',0,'07:59:00','12:01:00','13:55:00','19:02:00','00:00:00','00:00:00',2,'01:09:00'),('775',38,'2019-10-21',0,'07:55:00','12:03:00','13:57:00','18:01:00','00:00:00','00:00:00',1,'08:12:00'),('776',35,'2019-10-17',0,'07:55:00','11:18:00','13:00:00','18:03:00','00:00:00','00:00:00',2,'00:26:00'),('777',35,'2019-10-18',0,'08:55:00','11:34:00','13:40:00','18:16:00','00:00:00','00:00:00',2,'-00:45:00'),('778',35,'2019-10-21',0,'00:00:00','00:00:00','00:00:00','00:00:00','00:00:00','00:00:00',1,'00:00:00'),('779',2,'2019-10-17',0,'07:47:00','11:50:00','13:42:00','18:54:00','00:00:00','00:00:00',2,'01:15:00'),('77fe74627bb2e9e777db83bb1ab9d5233e7f115e',33,'2019-11-03',0,'00:00:00','00:00:00','00:00:00','00:00:00','00:00:00','00:00:00',1,'00:00:00'),('78',23,'2019-10-03',0,'08:09:00','13:09:00','15:04:00','18:20:00','00:00:00','00:00:00',2,'00:16:00'),('780',2,'2019-10-18',0,'07:54:00','11:56:00','13:42:00','18:03:00','00:00:00','00:00:00',2,'00:23:00'),('781',2,'2019-10-21',0,'00:00:00','00:00:00','00:00:00','00:00:00','00:00:00','00:00:00',1,'00:00:00'),('782',30,'2019-10-17',0,'07:52:00','11:58:00','13:25:00','17:59:00','00:00:00','00:00:00',2,'00:40:00'),('783',30,'2019-10-18',0,'07:53:00','12:15:00','13:27:00','18:11:00','00:00:00','00:00:00',2,'01:06:00'),('784',30,'2019-10-21',0,'00:00:00','00:00:00','00:00:00','00:00:00','00:00:00','00:00:00',1,'00:00:00'),('785',29,'2019-10-17',0,'07:55:00','11:58:00','13:58:00','18:36:00','00:00:00','00:00:00',2,'00:41:00'),('786',29,'2019-10-18',0,'07:59:00','12:06:00','14:00:00','18:19:00','00:00:00','00:00:00',2,'00:26:00'),('787',29,'2019-10-21',0,'07:55:00','12:05:00','13:59:00','19:03:00','00:00:00','00:00:00',1,'09:14:00'),('788',28,'2019-10-17',0,'07:58:00','12:16:00','13:59:00','18:59:00','00:00:00','00:00:00',2,'01:18:00'),('789',28,'2019-10-18',0,'07:58:00','12:13:00','13:55:00','18:54:00','00:00:00','00:00:00',2,'01:14:00'),('79',23,'2019-10-05',0,'07:56:00','13:08:00','00:00:00','00:00:00','00:00:00','00:00:00',3,'01:12:00'),('790',28,'2019-10-21',0,'00:00:00','00:00:00','00:00:00','00:00:00','00:00:00','00:00:00',1,'00:00:00'),('791',27,'2019-10-17',0,'07:59:00','12:05:00','13:25:00','18:02:00','00:00:00','00:00:00',2,'00:43:00'),('792',27,'2019-10-18',0,'07:45:00','11:58:00','13:04:00','17:32:00','00:00:00','00:00:00',2,'00:41:00'),('793',27,'2019-10-21',0,'00:00:00','00:00:00','00:00:00','00:00:00','00:00:00','00:00:00',1,'00:00:00'),('794',26,'2019-10-17',0,'08:02:00','13:06:00','14:30:00','18:45:00','00:00:00','00:00:00',2,'01:19:00'),('795',26,'2019-10-18',0,'08:11:00','13:05:00','14:35:00','18:35:00','00:00:00','00:00:00',2,'00:54:00'),('796',26,'2019-10-21',0,'08:15:00','11:00:00','13:00:00','18:04:00','00:00:00','00:00:00',1,'07:49:00'),('797',25,'2019-10-17',0,'08:18:00','12:25:00','14:00:00','18:02:00','00:00:00','00:00:00',2,'00:09:00'),('798',25,'2019-10-18',0,'08:18:00','12:42:00','13:56:00','19:05:00','00:00:00','00:00:00',2,'01:33:00'),('799',25,'2019-10-21',0,'00:00:00','00:00:00','00:00:00','00:00:00','00:00:00','00:00:00',1,'00:00:00'),('79c7519c54133bba47e2ab00872efa4d56cbb8d1',26,'2019-11-03',0,'00:00:00','00:00:00','00:00:00','00:00:00','00:00:00','00:00:00',1,'00:00:00'),('7aa2ac874ea116a353ac46f8f71320d6bb5e9ed9',6,'2019-11-03',0,'00:00:00','00:00:00','00:00:00','00:00:00','00:00:00','00:00:00',1,'00:00:00'),('7f1a214157fdc350d1d7fe5e379d23a41a35eca9',18,'2019-11-01',0,'08:00:00','12:00:00','13:01:00','17:00:00','00:00:00','00:00:00',2,'-00:01:00'),('7f2b8b466e522f48d0c7ad3801e890bde684aedc',37,'2019-11-02',0,'00:00:00','00:00:00','00:00:00','00:00:00','00:00:00','00:00:00',5,'00:00:00'),('7f8487ccca2492903e0404283e3f9a58f4ecab19',8,'2019-10-15',0,'07:30:00','12:10:00','13:10:00','19:00:00','00:00:00','00:00:00',2,'02:30:00'),('8',28,'2019-10-03',0,'07:56:00','12:03:00','13:54:00','18:23:00','00:00:00','00:00:00',2,'00:36:00'),('80',23,'2019-10-06',0,'00:00:00','00:00:00','00:00:00','00:00:00','00:00:00','00:00:00',1,'00:00:00'),('800',24,'2019-10-17',0,'08:02:00','12:04:00','13:02:00','18:02:00','00:00:00','00:00:00',2,'01:02:00'),('801',24,'2019-10-18',0,'08:01:00','12:02:00','13:55:00','18:01:00','00:00:00','00:00:00',2,'00:07:00'),('802',24,'2019-10-21',0,'00:00:00','00:00:00','00:00:00','00:00:00','00:00:00','00:00:00',1,'00:00:00'),('803',23,'2019-10-17',0,'08:00:00','13:04:00','14:58:00','18:22:00','00:00:00','00:00:00',2,'00:28:00'),('804',23,'2019-10-18',0,'07:57:00','13:03:00','14:53:00','18:35:00','00:00:00','00:00:00',2,'00:48:00'),('805',23,'2019-10-21',0,'07:55:00','13:07:00','14:51:00','19:08:00','00:00:00','00:00:00',1,'09:29:00'),('806',22,'2019-10-17',0,'07:58:00','12:03:00','13:56:00','19:04:00','00:00:00','00:00:00',2,'01:13:00'),('807',22,'2019-10-18',0,'08:04:00','12:01:00','14:00:00','19:03:00','00:00:00','00:00:00',2,'01:00:00'),('808',22,'2019-10-21',0,'07:54:00','12:06:00','13:57:00','18:05:00','00:00:00','00:00:00',1,'08:20:00'),('809',21,'2019-10-17',0,'07:58:00','11:06:00','12:58:00','19:01:00','00:00:00','00:00:00',2,'01:11:00'),('81',24,'2019-10-01',0,'07:58:00','12:03:00','13:16:00','18:04:00','00:00:00','00:00:00',2,'00:53:00'),('810',21,'2019-10-18',0,'08:06:00','11:07:00','13:01:00','17:06:00','00:00:00','00:00:00',2,'-00:54:00'),('811',21,'2019-10-19',0,'00:00:00','00:00:00','00:00:00','00:00:00','00:00:00','00:00:00',3,'-04:00:00'),('812',21,'2019-10-20',0,'00:00:00','00:00:00','00:00:00','00:00:00','00:00:00','00:00:00',1,'00:00:00'),('813',21,'2019-10-21',0,'07:52:00','11:08:00','13:00:00','18:01:00','00:00:00','00:00:00',1,'08:17:00'),('814',20,'2019-10-17',0,'08:09:00','14:51:00','16:00:00','18:33:00','00:00:00','00:00:00',2,'01:15:00'),('815',20,'2019-10-18',0,'08:04:00','13:00:00','15:09:00','18:20:00','00:00:00','00:00:00',2,'00:07:00'),('816',20,'2019-10-21',0,'08:04:00','13:14:00','14:56:00','19:08:00','00:00:00','00:00:00',1,'09:22:00'),('817',19,'2019-10-17',0,'08:01:00','13:09:00','15:15:00','19:05:00','00:00:00','00:00:00',2,'00:58:00'),('818',19,'2019-10-18',0,'08:04:00','12:16:00','14:23:00','19:03:00','00:00:00','00:00:00',2,'00:52:00'),('819',19,'2019-10-21',0,'00:00:00','00:00:00','00:00:00','00:00:00','00:00:00','00:00:00',1,'00:00:00'),('82',24,'2019-10-02',0,'07:56:00','12:02:00','13:14:00','18:04:00','00:00:00','00:00:00',2,'00:56:00'),('820',17,'2019-10-17',0,'08:08:00','12:17:00','14:16:00','18:51:00','00:00:00','00:00:00',2,'00:44:00'),('821',17,'2019-10-18',0,'08:07:00','13:01:00','15:00:00','19:03:00','00:00:00','00:00:00',2,'00:57:00'),('822',17,'2019-10-21',0,'00:00:00','00:00:00','00:00:00','00:00:00','00:00:00','00:00:00',1,'00:00:00'),('823',13,'2019-10-17',0,'08:18:00','12:04:00','14:00:00','19:03:00','00:00:00','00:00:00',2,'00:49:00'),('824',13,'2019-10-18',0,'08:44:00','12:00:00','13:55:00','19:03:00','00:00:00','00:00:00',2,'00:24:00'),('825',13,'2019-10-21',0,'08:50:00','12:05:00','13:42:00','18:01:00','00:00:00','00:00:00',1,'07:34:00'),('82571be125bb3a2276eebbfcf30c74fea113c26a',12,'2019-11-01',0,'08:08:00','13:03:00','12:59:00','18:30:00','00:00:00','00:00:00',2,'02:26:00'),('827',14,'2019-10-17',0,'08:23:00','12:00:00','14:28:00','19:04:00','00:00:00','00:00:00',2,'00:13:00'),('828',14,'2019-10-18',0,'07:59:00','12:15:00','14:31:00','18:25:00','00:00:00','00:00:00',2,'00:10:00'),('829',14,'2019-10-21',0,'08:37:00','12:15:00','14:29:00','18:05:00','00:00:00','00:00:00',1,'07:14:00'),('82a9e3b9fed37b609eaa95e986ded4ca83d57f0f',21,'2019-11-01',0,'08:08:00','12:03:00','13:57:00','19:01:00','00:00:00','00:00:00',2,'00:59:00'),('83',24,'2019-10-03',0,'08:02:00','12:06:00','13:05:00','18:04:00','00:00:00','00:00:00',2,'01:03:00'),('830',12,'2019-10-17',0,'07:59:00','11:09:00','13:00:00','18:03:00','00:00:00','00:00:00',2,'00:13:00'),('830ec1c64bd0aacc92b930ebff760676441b9697',36,'2019-10-12',0,'00:00:00','00:00:00','00:00:00','00:00:00','00:00:00','00:00:00',5,'00:00:00'),('831',12,'2019-10-18',0,'08:01:00','11:15:00','13:00:00','18:03:00','00:00:00','00:00:00',2,'00:17:00'),('832',12,'2019-10-21',0,'00:00:00','00:00:00','00:00:00','00:00:00','00:00:00','00:00:00',1,'00:00:00'),('833',10,'2019-10-18',0,'07:08:00','13:30:00','13:50:00','20:30:00','00:00:00','00:00:00',2,'05:02:00'),('834',9,'2019-10-21',0,'00:00:00','00:00:00','00:00:00','00:00:00','00:00:00','00:00:00',1,'00:00:00'),('835',7,'2019-10-17',0,'07:55:00','12:17:00','14:00:00','18:13:00','00:00:00','00:00:00',2,'00:35:00'),('836',7,'2019-10-18',0,'08:01:00','12:03:00','13:03:00','18:19:00','00:00:00','00:00:00',2,'01:18:00'),('837',7,'2019-10-21',0,'00:00:00','00:00:00','00:00:00','00:00:00','00:00:00','00:00:00',1,'00:00:00'),('838',5,'2019-10-17',0,'07:45:00','12:03:00','13:33:00','18:14:00','00:00:00','00:00:00',2,'00:59:00'),('839',5,'2019-10-18',0,'07:59:00','12:03:00','13:56:00','18:22:00','00:00:00','00:00:00',2,'00:30:00'),('84',24,'2019-10-05',0,'00:00:00','00:00:00','00:00:00','00:00:00','00:00:00','00:00:00',3,'-04:00:00'),('840',5,'2019-10-19',0,'00:00:00','00:00:00','00:00:00','00:00:00','00:00:00','00:00:00',3,'-04:00:00'),('841',5,'2019-10-02',0,'07:32:00','12:05:00','13:30:00','18:06:00','00:00:00','00:00:00',2,'01:09:00'),('842',5,'2019-10-20',0,'00:00:00','00:00:00','00:00:00','00:00:00','00:00:00','00:00:00',1,'00:00:00'),('843',5,'2019-10-21',0,'00:00:00','00:00:00','00:00:00','00:00:00','00:00:00','00:00:00',1,'00:00:00'),('844',5,'2019-10-14',0,'07:44:00','12:07:00','13:29:00','18:06:00','00:00:00','00:00:00',2,'01:00:00'),('846',8,'2019-10-18',0,'08:00:00','13:05:00','13:58:00','18:56:00','00:00:00','00:00:00',2,'02:03:00'),('847',8,'2019-10-21',0,'00:00:00','00:00:00','00:00:00','00:00:00','00:00:00','00:00:00',1,'00:00:00'),('848',4,'2019-10-21',0,'00:00:00','00:00:00','00:00:00','00:00:00','00:00:00','00:00:00',1,'00:00:00'),('849',9,'2019-10-14',0,'08:00:00','12:00:00','13:40:00','18:00:00','00:00:00','00:00:00',2,'00:20:00'),('8496747e00457f2143cd1970b0a64811e838b127',28,'2019-11-01',0,'07:56:00','12:05:00','13:55:00','18:07:00','00:00:00','00:00:00',2,'00:21:00'),('85',24,'2019-10-06',0,'00:00:00','00:00:00','00:00:00','00:00:00','00:00:00','00:00:00',1,'00:00:00'),('850',9,'2019-10-15',0,'08:00:00','12:00:00','13:00:00','18:00:00','00:00:00','00:00:00',2,'01:00:00'),('851',9,'2019-10-16',0,'08:00:00','12:00:00','13:00:00','18:00:00','00:00:00','00:00:00',2,'01:00:00'),('852',9,'2019-10-17',0,'08:00:00','12:00:00','13:20:00','18:00:00','00:00:00','00:00:00',2,'00:40:00'),('854',33,'2019-10-17',0,'08:19:00','12:02:00','14:15:00','18:01:00','00:00:00','00:00:00',2,'-00:31:00'),('855',33,'2019-10-18',0,'08:06:00','11:51:00','13:52:00','18:05:00','00:00:00','00:00:00',2,'-00:02:00'),('8557e1188d66d6b68824b5d950c0e2dfa6af5aef',31,'2019-11-01',0,'09:03:00','12:00:00','14:08:00','19:02:00','00:00:00','00:00:00',2,'-00:09:00'),('856',33,'2019-10-20',0,'00:00:00','00:00:00','00:00:00','00:00:00','00:00:00','00:00:00',1,'00:00:00'),('857',33,'2019-10-21',0,'08:14:00','12:35:00','12:35:00','12:35:00','00:00:00','00:00:00',1,'04:21:00'),('858',1,'2019-10-22',0,'07:37:00','12:04:00','13:28:00','18:01:00','00:00:00','00:00:00',2,'01:00:00'),('859',1,'2019-10-23',0,'07:44:00','12:05:00','13:30:00','18:01:00','00:00:00','00:00:00',2,'00:52:00'),('86',27,'2019-10-01',0,'08:11:00','12:02:00','13:02:00','18:10:00','00:00:00','00:00:00',2,'00:59:00'),('860',1,'2019-10-24',0,'07:41:00','12:01:00','13:51:00','18:01:00','00:00:00','00:00:00',2,'00:30:00'),('861',1,'2019-10-26',0,'00:00:00','00:00:00','00:00:00','00:00:00','00:00:00','00:00:00',3,'-04:00:00'),('862',1,'2019-10-27',0,'00:00:00','00:00:00','00:00:00','00:00:00','00:00:00','00:00:00',1,'00:00:00'),('863',28,'2019-10-22',0,'07:54:00','12:04:00','14:00:00','18:45:00','00:00:00','00:00:00',2,'00:55:00'),('864',12,'2019-10-22',0,'08:05:00','11:15:00','12:30:00','18:31:00','00:00:00','00:00:00',2,'01:11:00'),('865',12,'2019-10-23',0,'08:07:00','11:06:00','12:30:00','18:31:00','00:00:00','00:00:00',2,'01:00:00'),('866',12,'2019-10-24',0,'08:05:00','11:05:00','12:30:00','18:30:00','00:00:00','00:00:00',2,'01:00:00'),('867',28,'2019-10-23',0,'07:56:00','12:04:00','13:55:00','18:45:00','00:00:00','00:00:00',2,'00:58:00'),('868',28,'2019-10-24',0,'07:57:00','12:00:00','13:55:00','18:53:00','00:00:00','00:00:00',2,'01:01:00'),('869',30,'2019-10-22',0,'07:35:00','12:06:00','13:24:00','17:59:00','00:00:00','00:00:00',2,'01:06:00'),('87',27,'2019-10-02',0,'08:28:00','12:02:00','12:55:00','18:29:00','00:00:00','00:00:00',2,'01:08:00'),('870',30,'2019-10-23',0,'07:47:00','12:29:00','14:41:00','18:01:00','00:00:00','00:00:00',2,'00:02:00'),('871',30,'2019-10-24',0,'08:02:00','12:15:00','13:51:00','18:00:00','00:00:00','00:00:00',2,'00:22:00'),('872',35,'2019-10-22',0,'08:01:00','12:04:00','13:30:00','18:07:00','00:00:00','00:00:00',2,'00:40:00'),('873',35,'2019-10-23',0,'07:52:00','12:09:00','12:25:00','18:05:00','00:00:00','00:00:00',2,'01:57:00'),('874',35,'2019-10-24',0,'07:53:00','12:00:00','13:51:00','19:15:00','00:00:00','00:00:00',2,'01:31:00'),('875',2,'2019-10-22',0,'08:03:00','11:58:00','13:42:00','16:43:00','00:00:00','00:00:00',2,'-01:04:00'),('876',2,'2019-10-23',0,'07:51:00','11:46:00','13:34:00','18:16:00','00:00:00','00:00:00',2,'00:37:00'),('877',2,'2019-10-24',0,'07:50:00','12:01:00','13:37:00','18:01:00','00:00:00','00:00:00',2,'00:35:00'),('878',39,'2019-10-22',0,'07:59:00','12:09:00','14:09:00','18:11:00','00:00:00','00:00:00',2,'00:12:00'),('879',39,'2019-10-23',0,'07:56:00','12:02:00','14:03:00','18:09:00','00:00:00','00:00:00',2,'00:12:00'),('87a3eb65aa306298bd35edf26b84b8b64c1514bf',28,'2019-11-02',0,'00:00:00','00:00:00','00:00:00','00:00:00','00:00:00','00:00:00',5,'00:00:00'),('87e23e060f6f4ada651f060122cede4c330069b5',13,'2019-11-01',0,'08:28:00','12:00:00','14:20:00','19:01:00','00:00:00','00:00:00',2,'00:13:00'),('880',39,'2019-10-24',0,'08:00:00','12:07:00','14:08:00','18:06:00','00:00:00','00:00:00',2,'00:05:00'),('881',3,'2019-10-22',0,'07:31:00','11:55:00','12:33:00','16:57:00','00:00:00','00:00:00',2,'00:48:00'),('882',3,'2019-10-23',0,'07:01:00','12:02:00','12:27:00','16:56:00','00:00:00','00:00:00',2,'01:30:00'),('883',3,'2019-10-24',0,'07:13:00','11:55:00','12:32:00','16:51:00','00:00:00','00:00:00',2,'01:01:00'),('884',6,'2019-10-22',0,'07:55:00','12:01:00','13:57:00','19:02:00','00:00:00','00:00:00',2,'01:11:00'),('885',6,'2019-10-23',0,'07:59:00','12:01:00','13:56:00','19:03:00','00:00:00','00:00:00',2,'01:09:00'),('886',6,'2019-10-24',0,'07:58:00','12:00:00','14:00:00','19:06:00','00:00:00','00:00:00',2,'01:08:00'),('887',11,'2019-10-22',0,'08:09:00','12:03:00','13:01:00','18:01:00','00:00:00','00:00:00',2,'00:54:00'),('888',11,'2019-10-23',0,'07:58:00','12:01:00','13:05:00','18:02:00','00:00:00','00:00:00',2,'01:00:00'),('889',11,'2019-10-24',0,'08:04:00','12:00:00','12:58:00','18:02:00','00:00:00','00:00:00',2,'01:00:00'),('89',27,'2019-10-05',0,'00:00:00','00:00:00','00:00:00','00:00:00','00:00:00','00:00:00',3,'-04:00:00'),('890',32,'2019-10-22',0,'08:31:00','11:03:00','13:01:00','18:02:00','00:00:00','00:00:00',2,'-00:27:00'),('891',32,'2019-10-23',0,'08:12:00','11:00:00','12:58:00','18:01:00','00:00:00','00:00:00',2,'-00:09:00'),('892',32,'2019-10-24',0,'08:16:00','11:02:00','12:59:00','18:01:00','00:00:00','00:00:00',2,'-00:12:00'),('893',40,'2019-10-22',0,'07:08:00','12:48:00','13:36:00','16:57:00','00:00:00','00:00:00',2,'01:01:00'),('894',40,'2019-10-23',0,'07:00:00','12:03:00','12:55:00','16:56:00','00:00:00','00:00:00',2,'01:04:00'),('895',40,'2019-10-24',0,'06:52:00','12:01:00','13:54:00','16:55:00','00:00:00','00:00:00',2,'00:10:00'),('8950e858e7166626ad8fc35909fa52bb9b5151c7',24,'2019-11-04',0,'08:09:00','12:00:00','13:11:00','18:05:00','00:00:00','00:00:00',2,'00:45:00'),('896',37,'2019-10-22',0,'07:42:00','12:29:00','13:05:00','17:09:00','00:00:00','00:00:00',2,'00:51:00'),('897',37,'2019-10-23',0,'07:48:00','12:35:00','13:10:00','17:42:00','00:00:00','00:00:00',2,'01:19:00'),('898',37,'2019-10-24',0,'08:00:00','12:30:00','13:30:00','18:06:00','00:00:00','00:00:00',2,'01:06:00'),('899',31,'2019-10-22',0,'08:42:00','12:12:00','14:02:00','19:04:00','00:00:00','00:00:00',2,'00:32:00'),('89d32a52ef83327b7c64128f3a1ab4ef83cd095a',17,'2019-11-04',0,'07:48:00','12:53:00','14:13:00','18:23:00','00:00:00','00:00:00',2,'01:15:00'),('8aeedff3a8ed890b4779ac2ebecb57c4b7d30260',17,'2019-11-01',0,'08:17:00','12:37:00','14:35:00','18:46:00','00:00:00','00:00:00',2,'00:31:00'),('8d746427bfe73b8f70ffd96a102fe92c521b5a58',9,'2019-10-31',0,'07:52:00','12:02:00','13:39:00','18:02:00','00:00:00','00:00:00',2,'00:33:00'),('9',28,'2019-10-06',0,'00:00:00','00:00:00','00:00:00','00:00:00','00:00:00','00:00:00',1,'00:00:00'),('90',27,'2019-10-06',0,'00:00:00','00:00:00','00:00:00','00:00:00','00:00:00','00:00:00',1,'00:00:00'),('900',31,'2019-10-23',0,'09:07:00','12:05:00','14:11:00','19:02:00','00:00:00','00:00:00',2,'-00:11:00'),('901',31,'2019-10-24',0,'08:30:00','12:03:00','13:52:00','19:00:00','00:00:00','00:00:00',2,'00:41:00'),('902',24,'2019-10-22',0,'07:57:00','12:05:00','13:14:00','18:01:00','00:00:00','00:00:00',2,'00:55:00'),('903',24,'2019-10-23',0,'08:13:00','11:00:00','12:04:00','18:00:00','00:00:00','00:00:00',2,'00:43:00'),('904',24,'2019-10-24',0,'07:52:00','12:05:00','13:02:00','18:02:00','00:00:00','00:00:00',2,'01:13:00'),('905',15,'2019-10-22',0,'08:39:00','12:00:00','13:59:00','18:45:00','00:00:00','00:00:00',2,'00:07:00'),('906',15,'2019-10-23',0,'08:13:00','12:11:00','13:37:00','19:03:00','00:00:00','00:00:00',2,'01:24:00'),('907',15,'2019-10-24',0,'07:14:00','12:06:00','13:49:00','18:23:00','00:00:00','00:00:00',2,'01:26:00'),('908',9,'2019-10-22',0,'08:09:00','12:03:00','12:58:00','18:02:00','00:00:00','00:00:00',2,'00:58:00'),('909',9,'2019-10-23',0,'08:05:00','12:01:00','13:54:00','18:15:00','00:00:00','00:00:00',2,'00:17:00'),('90a5d9b42ba6cf2b3262b225ac2f0766f247fcee',29,'2019-11-04',0,'07:46:00','12:01:00','13:59:00','17:59:00','00:00:00','00:00:00',2,'00:15:00'),('91',5,'2019-10-01',0,'07:20:00','12:06:00','13:34:00','18:05:00','00:00:00','00:00:00',2,'01:17:00'),('910',9,'2019-10-24',0,'08:04:00','12:04:00','13:05:00','18:05:00','00:00:00','00:00:00',2,'01:00:00'),('911',5,'2019-10-22',0,'07:14:00','12:13:00','13:26:00','18:10:00','00:00:00','00:00:00',2,'01:43:00'),('912',5,'2019-10-23',0,'07:31:00','12:01:00','13:31:00','18:04:00','00:00:00','00:00:00',2,'01:03:00'),('913',5,'2019-10-24',0,'07:29:00','12:00:00','13:55:00','18:05:00','00:00:00','00:00:00',2,'00:41:00'),('914',4,'2019-10-22',0,'08:03:00','12:20:00','13:17:00','18:12:00','00:00:00','00:00:00',2,'01:12:00'),('915',4,'2019-10-23',0,'08:03:00','12:10:00','13:20:00','18:08:00','00:00:00','00:00:00',2,'00:55:00'),('916',4,'2019-10-24',0,'08:02:00','12:15:00','13:51:00','18:08:00','00:00:00','00:00:00',2,'00:30:00'),('917',10,'2019-10-22',0,'09:19:00','12:56:00','14:06:00','19:04:00','00:00:00','00:00:00',2,'00:35:00'),('918',10,'2019-10-23',0,'08:56:00','12:47:00','14:00:00','19:01:00','00:00:00','00:00:00',2,'00:52:00'),('919',10,'2019-10-24',0,'09:32:00','12:57:00','14:03:00','18:55:00','00:00:00','00:00:00',2,'00:17:00'),('91e276dfb79e7acfe9cd2ed84764fe7dd5ea9179',40,'2019-11-01',0,'06:30:00','12:15:00','14:00:00','17:06:00','00:00:00','00:00:00',2,'00:51:00'),('92',6,'2019-10-02',0,'07:32:00','12:05:00','13:30:00','18:06:00','00:00:00','00:00:00',2,'01:09:00'),('920',18,'2019-10-22',0,'08:13:00','12:01:00','12:59:00','18:03:00','00:00:00','00:00:00',2,'00:52:00'),('921',18,'2019-10-23',0,'08:14:00','12:02:00','12:59:00','18:02:00','00:00:00','00:00:00',2,'00:51:00'),('922',18,'2019-10-24',0,'08:05:00','12:00:00','12:59:00','18:05:00','00:00:00','00:00:00',2,'01:01:00'),('923',25,'2019-10-22',0,'08:27:00','12:34:00','13:53:00','18:19:00','00:00:00','00:00:00',2,'00:33:00'),('924',25,'2019-10-23',0,'07:58:00','12:15:00','13:43:00','18:18:00','00:00:00','00:00:00',2,'00:52:00'),('925',25,'2019-10-24',0,'08:08:00','12:29:00','14:00:00','18:09:00','00:00:00','00:00:00',2,'00:30:00'),('926',17,'2019-10-22',0,'07:54:00','12:56:00','14:42:00','19:04:00','00:00:00','00:00:00',2,'01:24:00'),('927',17,'2019-10-23',0,'08:45:00','13:03:00','15:07:00','18:40:00','00:00:00','00:00:00',2,'-00:09:00'),('928',17,'2019-10-24',0,'07:59:00','12:58:00','15:02:00','18:40:00','00:00:00','00:00:00',2,'00:37:00'),('929',19,'2019-10-22',0,'08:22:00','13:08:00','15:19:00','19:05:00','00:00:00','00:00:00',2,'00:32:00'),('93',5,'2019-10-03',0,'07:20:00','12:04:00','13:26:00','18:02:00','00:00:00','00:00:00',2,'01:20:00'),('930',19,'2019-10-23',0,'08:16:00','13:02:00','15:09:00','19:03:00','00:00:00','00:00:00',2,'00:40:00'),('931',19,'2019-10-24',0,'08:26:00','12:57:00','15:04:00','18:53:00','00:00:00','00:00:00',2,'00:20:00'),('932',8,'2019-10-22',0,'08:19:00','12:02:00','14:30:00','19:03:00','00:00:00','00:00:00',2,'00:16:00'),('933',8,'2019-10-23',0,'08:20:00','12:10:00','14:06:00','18:59:00','00:00:00','00:00:00',2,'00:43:00'),('934',21,'2019-10-22',0,'07:58:00','11:04:00','13:02:00','18:01:00','00:00:00','00:00:00',2,'00:05:00'),('935',21,'2019-10-23',0,'07:59:00','11:01:00','12:58:00','18:01:00','00:00:00','00:00:00',2,'00:05:00'),('936',21,'2019-10-24',0,'07:58:00','12:08:00','13:00:00','18:01:00','00:00:00','00:00:00',2,'01:11:00'),('937',29,'2019-10-22',0,'07:56:00','12:05:00','13:56:00','19:02:00','00:00:00','00:00:00',2,'01:15:00'),('938',29,'2019-10-23',0,'07:55:00','12:00:00','13:54:00','19:02:00','00:00:00','00:00:00',2,'01:13:00'),('939',29,'2019-10-24',0,'07:59:00','12:00:00','13:54:00','19:13:00','00:00:00','00:00:00',2,'01:20:00'),('94',5,'2019-10-05',0,'00:00:00','00:00:00','00:00:00','00:00:00','00:00:00','00:00:00',3,'-04:00:00'),('940',14,'2019-10-22',0,'08:12:00','11:58:00','14:31:00','18:04:00','00:00:00','00:00:00',2,'-00:41:00'),('941',14,'2019-10-23',0,'08:49:00','12:11:00','14:36:00','19:04:00','00:00:00','00:00:00',2,'-00:10:00'),('942',14,'2019-10-24',0,'08:16:00','12:05:00','14:16:00','18:23:00','00:00:00','00:00:00',2,'-00:04:00'),('943',23,'2019-10-22',0,'07:54:00','13:05:00','15:01:00','19:05:00','00:00:00','00:00:00',2,'01:15:00'),('944',23,'2019-10-23',0,'07:54:00','13:04:00','14:55:00','19:45:00','00:00:00','00:00:00',2,'02:00:00'),('945',23,'2019-10-24',0,'07:53:00','13:01:00','14:54:00','19:14:00','00:00:00','00:00:00',2,'01:28:00'),('946',22,'2019-10-22',0,'08:04:00','12:05:00','13:57:00','18:05:00','00:00:00','00:00:00',2,'00:09:00'),('947',22,'2019-10-23',0,'07:57:00','12:03:00','14:02:00','18:07:00','00:00:00','00:00:00',2,'00:11:00'),('948',22,'2019-10-24',0,'08:06:00','12:10:00','14:00:00','18:00:00','00:00:00','00:00:00',2,'00:04:00'),('95',5,'2019-10-06',0,'00:00:00','00:00:00','00:00:00','00:00:00','00:00:00','00:00:00',1,'00:00:00'),('950',26,'2019-10-23',0,'08:07:00','13:10:00','14:59:00','18:07:00','00:00:00','00:00:00',2,'00:11:00'),('951',26,'2019-10-24',0,'08:07:00','13:05:00','14:55:00','18:10:00','00:00:00','00:00:00',2,'00:13:00'),('952',38,'2019-10-22',0,'07:58:00','12:02:00','13:56:00','18:02:00','00:00:00','00:00:00',2,'00:10:00'),('952fe8d303cf69fe022e2bb761ee64170f32b6c6',29,'2019-11-02',0,'00:00:00','00:00:00','00:00:00','00:00:00','00:00:00','00:00:00',5,'00:00:00'),('953',38,'2019-10-23',0,'07:57:00','12:00:00','13:56:00','18:01:00','00:00:00','00:00:00',2,'00:08:00'),('954',38,'2019-10-24',0,'07:58:00','12:05:00','13:59:00','18:01:00','00:00:00','00:00:00',2,'00:09:00'),('955',20,'2019-10-22',0,'08:00:00','13:42:00','15:16:00','19:04:00','00:00:00','00:00:00',2,'01:30:00'),('956',20,'2019-10-23',0,'08:00:00','13:09:00','14:59:00','19:46:00','00:00:00','00:00:00',2,'01:56:00'),('957',20,'2019-10-24',0,'08:29:00','13:03:00','14:55:00','19:14:00','00:00:00','00:00:00',2,'00:53:00'),('958',33,'2019-10-22',0,'08:20:00','12:03:00','14:02:00','18:00:00','00:00:00','00:00:00',2,'-00:19:00'),('959',33,'2019-10-23',0,'08:05:00','12:09:00','12:41:00','18:01:00','00:00:00','00:00:00',2,'01:24:00'),('96',8,'2019-10-01',0,'08:00:00','12:23:00','13:48:00','19:01:00','00:00:00','00:00:00',2,'01:36:00'),('960',33,'2019-10-24',0,'08:14:00','12:00:00','13:51:00','18:00:00','00:00:00','00:00:00',2,'-00:05:00'),('961',13,'2019-10-22',0,'08:40:00','12:11:00','13:56:00','18:00:00','00:00:00','00:00:00',2,'-00:25:00'),('962',13,'2019-10-23',0,'08:55:00','12:03:00','13:49:00','18:23:00','00:00:00','00:00:00',2,'-00:18:00'),('963',13,'2019-10-24',0,'08:32:00','12:06:00','14:01:00','18:06:00','00:00:00','00:00:00',2,'-00:21:00'),('964',27,'2019-10-22',0,'00:00:00','00:00:00','00:00:00','00:00:00','00:00:00','00:00:00',1,'00:00:00'),('965',27,'2019-10-23',0,'00:00:00','00:00:00','00:00:00','00:00:00','00:00:00','00:00:00',1,'00:00:00'),('966',27,'2019-10-24',0,'00:00:00','00:00:00','00:00:00','00:00:00','00:00:00','00:00:00',1,'00:00:00'),('967',27,'2019-10-25',0,'00:00:00','00:00:00','00:00:00','00:00:00','00:00:00','00:00:00',1,'00:00:00'),('968',27,'2019-10-26',0,'00:00:00','00:00:00','00:00:00','00:00:00','00:00:00','00:00:00',1,'00:00:00'),('969',27,'2019-10-27',0,'00:00:00','00:00:00','00:00:00','00:00:00','00:00:00','00:00:00',1,'00:00:00'),('97',8,'2019-10-02',0,'08:10:00','12:55:00','14:04:00','18:00:00','00:00:00','00:00:00',2,'00:41:00'),('970',27,'2019-10-28',0,'00:00:00','00:00:00','00:00:00','00:00:00','00:00:00','00:00:00',1,'00:00:00'),('971',27,'2019-10-29',0,'00:00:00','00:00:00','00:00:00','00:00:00','00:00:00','00:00:00',1,'00:00:00'),('972',27,'2019-10-30',0,'00:00:00','00:00:00','00:00:00','00:00:00','00:00:00','00:00:00',1,'00:00:00'),('973',27,'2019-10-31',0,'00:00:00','00:00:00','00:00:00','00:00:00','00:00:00','00:00:00',1,'00:00:00'),('974',37,'2019-10-25',0,'07:57:00','12:28:00','13:00:00','17:29:00','00:00:00','00:00:00',2,'01:00:00'),('975',37,'2019-10-26',0,'00:00:00','00:00:00','00:00:00','00:00:00','00:00:00','00:00:00',3,'-04:00:00'),('976',37,'2019-10-27',0,'00:00:00','00:00:00','00:00:00','00:00:00','00:00:00','00:00:00',1,'00:00:00'),('977',32,'2019-10-25',0,'07:56:00','11:06:00','13:00:00','18:00:00','00:00:00','00:00:00',2,'00:10:00'),('978',32,'2019-10-26',0,'08:00:00','13:01:00','13:01:00','13:01:00','00:00:00','00:00:00',3,'01:01:00'),('979',32,'2019-10-27',0,'00:00:00','00:00:00','00:00:00','00:00:00','00:00:00','00:00:00',1,'00:00:00'),('98',8,'2019-10-03',0,'08:10:00','12:15:00','14:01:00','18:57:00','00:00:00','00:00:00',2,'01:01:00'),('981',40,'2019-10-26',0,'00:00:00','00:00:00','00:00:00','00:00:00','00:00:00','00:00:00',3,'-04:00:00'),('982',40,'2019-10-27',0,'00:00:00','00:00:00','00:00:00','00:00:00','00:00:00','00:00:00',1,'00:00:00'),('983',18,'2019-10-25',0,'08:22:00','12:00:00','12:59:00','18:11:00','00:00:00','00:00:00',2,'00:50:00'),('984',18,'2019-10-26',0,'00:00:00','00:00:00','00:00:00','00:00:00','00:00:00','00:00:00',3,'-04:00:00'),('985',18,'2019-10-27',0,'00:00:00','00:00:00','00:00:00','00:00:00','00:00:00','00:00:00',1,'00:00:00'),('986',6,'2019-10-25',0,'08:01:00','12:02:00','13:25:00','18:34:00','00:00:00','00:00:00',2,'01:10:00'),('987',6,'2019-10-26',0,'00:00:00','00:00:00','00:00:00','00:00:00','00:00:00','00:00:00',3,'-04:00:00'),('988',6,'2019-10-27',0,'00:00:00','00:00:00','00:00:00','00:00:00','00:00:00','00:00:00',1,'00:00:00'),('989',11,'2019-10-25',0,'08:02:00','12:00:00','13:15:00','17:27:00','00:00:00','00:00:00',2,'00:10:00'),('99',8,'2019-10-05',0,'00:00:00','00:00:00','00:00:00','00:00:00','00:00:00','00:00:00',3,'-04:00:00'),('990',11,'2019-10-26',0,'00:00:00','00:00:00','00:00:00','00:00:00','00:00:00','00:00:00',3,'-04:00:00'),('991',11,'2019-10-27',0,'00:00:00','00:00:00','00:00:00','00:00:00','00:00:00','00:00:00',1,'00:00:00'),('991d0f1686ade6ea066fbe608bcb6824bed5bbb0',19,'2019-11-03',0,'00:00:00','00:00:00','00:00:00','00:00:00','00:00:00','00:00:00',1,'00:00:00'),('992',3,'2019-10-25',0,'08:09:00','11:57:00','13:52:00','16:26:00','00:00:00','00:00:00',2,'-01:38:00'),('993',3,'2019-10-26',0,'00:00:00','00:00:00','00:00:00','00:00:00','00:00:00','00:00:00',3,'-04:00:00'),('994',3,'2019-10-27',0,'00:00:00','00:00:00','00:00:00','00:00:00','00:00:00','00:00:00',1,'00:00:00'),('995',39,'2019-10-25',0,'08:00:00','12:04:00','14:04:00','18:10:00','00:00:00','00:00:00',2,'00:10:00'),('996',39,'2019-10-26',0,'00:00:00','00:00:00','00:00:00','00:00:00','00:00:00','00:00:00',3,'-04:00:00'),('997',39,'2019-10-27',0,'00:00:00','00:00:00','00:00:00','00:00:00','00:00:00','00:00:00',1,'00:00:00'),('998',38,'2019-10-25',0,'08:00:00','12:16:00','13:58:00','18:02:00','00:00:00','00:00:00',2,'00:20:00'),('999',38,'2019-10-26',0,'08:01:00','13:02:00','13:02:00','13:02:00','00:00:00','00:00:00',3,'01:01:00'),('9cc0c3bfc1811527b9885e57b17e4125e147a238',11,'2019-11-04',0,'07:51:00','12:00:00','12:59:00','18:02:00','00:00:00','00:00:00',2,'01:12:00'),('9d34a1affc3d541ba3f3391807192cc675ee6042',27,'2019-11-04',0,'00:00:00','00:00:00','00:00:00','00:00:00','00:00:00','00:00:00',1,'00:00:00'),('9dacb8ae575d4545abb3d7c28e4d62ba4d1e3c1f',22,'2019-11-03',0,'00:00:00','00:00:00','00:00:00','00:00:00','00:00:00','00:00:00',1,'00:00:00'),('9dca889cb8e6c9e7a1a2eff3e5e1e61076f611cf',8,'2019-10-29',0,'08:00:00','13:30:00','14:30:00','18:00:00','00:00:00','00:00:00',2,'01:00:00'),('9e63f0b3cd02513f6b065812b23d6bf832d6e392',9,'2019-10-30',0,'08:05:00','12:09:00','13:35:00','18:10:00','00:00:00','00:00:00',2,'00:39:00'),('a5bae00a9dcd51a5fcf5f28f27b520f14d755e6a',7,'2019-11-01',0,'08:14:00','12:00:00','13:59:00','18:24:00','00:00:00','00:00:00',2,'00:11:00'),('a61899dd9756fc1a6fb21d0a6d15f7ac9ecaab83',14,'2019-11-02',0,'00:00:00','00:00:00','00:00:00','00:00:00','00:00:00','00:00:00',5,'00:00:00'),('a8460ef6cd79eaa9c9960d06fc9b42d7c3dcefdb',40,'2019-11-03',0,'00:00:00','00:00:00','00:00:00','00:00:00','00:00:00','00:00:00',1,'00:00:00'),('ac922d4e9eed9a90c3d89c3c0c44f5a887fb8a1c',31,'2019-11-02',0,'00:00:00','00:00:00','00:00:00','00:00:00','00:00:00','00:00:00',5,'00:00:00'),('add42b34ba08e1fc6f6bec9836e3ce145537aad3',13,'2019-11-02',0,'00:00:00','00:00:00','00:00:00','00:00:00','00:00:00','00:00:00',5,'00:00:00'),('add51613a4ad63cff9f3e54f7d343be5affbbac8',30,'2019-11-04',0,'07:51:00','11:59:00','13:10:00','18:00:00','00:00:00','00:00:00',2,'00:58:00'),('ae31b31849a849d72406c0ca7a42c01e0a3ea782',11,'2019-11-01',0,'08:01:00','12:00:00','12:59:00','17:28:00','00:00:00','00:00:00',2,'00:28:00'),('afcb3dc806ebe373a84933942814ef27b792c152',38,'2019-11-04',0,'07:57:00','13:21:00','15:03:00','19:01:00','00:00:00','00:00:00',2,'01:22:00'),('b06f6c1ad0d1114119d14d25700ef1f01ff91733',26,'2019-11-01',0,'08:03:00','13:11:00','14:31:00','18:30:00','00:00:00','00:00:00',2,'01:07:00'),('b07fc3663c3bfd1b90f92b70eac5437a1b5a928b',30,'2019-11-03',0,'00:00:00','00:00:00','00:00:00','00:00:00','00:00:00','00:00:00',1,'00:00:00'),('b29a0b8806f63cdefdc62da08838bd61c71375ff',40,'2019-10-31',0,'06:39:00','12:00:00','14:00:00','18:00:00','00:00:00','00:00:00',2,'01:21:00'),('b3cfed284f0b7d7b8b43fee9fb3fb26779274a03',26,'2019-10-28',0,'08:06:00','13:10:00','14:31:00','18:38:00','00:00:00','00:00:00',2,'01:11:00'),('b5c911a053998fc3d6ae97d817e8f7568e47b8d1',26,'2019-11-02',0,'00:00:00','00:00:00','00:00:00','00:00:00','00:00:00','00:00:00',5,'00:00:00'),('b66e26bf575194842a81acf5bec8d010ff8032a0',19,'2019-11-02',0,'00:00:00','00:00:00','00:00:00','00:00:00','00:00:00','00:00:00',5,'00:00:00'),('b7e1dc23da0654aa1c5cf2cfa7fc580bc3669b2a',40,'2019-11-02',0,'00:00:00','00:00:00','00:00:00','00:00:00','00:00:00','00:00:00',5,'00:00:00'),('b8f85ff3f9ce71e1dde15d79471558b0d1afbb8e',2,'2019-11-03',0,'00:00:00','00:00:00','00:00:00','00:00:00','00:00:00','00:00:00',1,'00:00:00'),('b91776aefcb7494fa3448a084001a582256ab9f0',40,'2019-11-04',0,'06:42:00','11:57:00','12:50:00','16:50:00','00:00:00','00:00:00',2,'01:15:00'),('b94a37f7a07b868b694cc21483aba2418ee4cb4f',29,'2019-11-03',0,'00:00:00','00:00:00','00:00:00','00:00:00','00:00:00','00:00:00',1,'00:00:00'),('be65da48f8eae39be9021e4f7ebfda7f1e856974',7,'2019-11-04',0,'08:05:00','12:00:00','13:21:00','18:00:00','00:00:00','00:00:00',2,'00:34:00'),('bfb92044df16d02e2ec093135df3de2c88545843',9,'2019-11-02',0,'00:00:00','00:00:00','00:00:00','00:00:00','00:00:00','00:00:00',5,'00:00:00'),('c05e7066d54d76ca8b5fa68e8654391cfe37b273',15,'2019-11-03',0,'00:00:00','00:00:00','00:00:00','00:00:00','00:00:00','00:00:00',2,'-08:00:00'),('c1f45eee53e611c0ab6fa47642db2b9c95fda187',16,'2019-11-01',0,'00:00:00','00:00:00','00:00:00','00:00:00','00:00:00','00:00:00',1,'00:00:00'),('c331058b9aae112eb089bdae83b0a06b821c6f7c',6,'2019-11-01',0,'08:00:00','12:00:00','13:56:00','18:04:00','00:00:00','00:00:00',2,'00:08:00'),('c4624015593c72749f1ff71ff7c37f944f43c468',4,'2019-11-02',0,'00:00:00','00:00:00','00:00:00','00:00:00','00:00:00','00:00:00',5,'00:00:00'),('c8cc77cea4065cf334dd713f7cfdf02c7e0d36f3',1,'2019-11-03',0,'00:00:00','00:00:00','00:00:00','00:00:00','00:00:00','00:00:00',1,'00:00:00'),('c8cffcb4cf2276779b42d2e66ebc70201d29fff2',8,'2019-10-17',0,'07:20:00','12:00:00','13:00:00','19:00:00','00:00:00','00:00:00',2,'02:40:00'),('c98a8e36a1c18c4b2a6f2188674eed1596d27f0a',22,'2019-11-01',0,'08:06:00','12:00:00','14:03:00','19:06:00','00:00:00','00:00:00',2,'00:57:00'),('d0b92496efc2a7fd3f0e2bd87ea0704cbbee1ef4',8,'2019-10-28',0,'08:00:00','11:45:00','14:00:00','18:00:00','00:00:00','00:00:00',2,'-00:15:00'),('d0cb1dadfaea391f20f46ce0572986eebb82dabc',33,'2019-11-04',0,'08:17:00','11:57:00','13:38:00','18:02:00','00:00:00','00:00:00',2,'00:04:00'),('d6b175e16f95e753afdb19c47075efd80ccbcc97',14,'2019-11-01',0,'08:27:00','12:04:00','14:31:00','18:42:00','00:00:00','00:00:00',2,'-00:12:00'),('d77e6dc450b7418d0b7239f80f8893e9f901696c',39,'2019-11-03',0,'00:00:00','00:00:00','00:00:00','00:00:00','00:00:00','00:00:00',1,'00:00:00'),('d79271af5d30cef9443969a18ae7ea6a7433f8ce',23,'2019-11-03',0,'00:00:00','00:00:00','00:00:00','00:00:00','00:00:00','00:00:00',1,'00:00:00'),('d7c2e9fdbb952b6f585ff40b0cd95e191ea41048',17,'2019-11-02',0,'00:00:00','00:00:00','00:00:00','00:00:00','00:00:00','00:00:00',5,'00:00:00'),('de9da7d765406789c77bf6f100390fedc72e57be',22,'2019-11-02',0,'00:00:00','00:00:00','00:00:00','00:00:00','00:00:00','00:00:00',5,'00:00:00'),('dec779e94c45463e1e1418cdecb42e412f887c24',32,'2019-11-02',0,'00:00:00','00:00:00','00:00:00','00:00:00','00:00:00','00:00:00',5,'00:00:00'),('df55236c8fd74dcbaa2928c5838ef2079e8e79ad',31,'2019-11-03',0,'00:00:00','00:00:00','00:00:00','00:00:00','00:00:00','00:00:00',1,'00:00:00'),('e13a16813c4faf44a4aae43b572674a4d234a33e',11,'2019-11-02',0,'00:00:00','00:00:00','00:00:00','00:00:00','00:00:00','00:00:00',5,'00:00:00'),('e15e1e17c06648c155beff13c18857970ad687ac',2,'2019-11-01',0,'07:49:00','11:54:00','13:35:00','18:07:00','00:00:00','00:00:00',2,'00:37:00'),('e2f307d6e9cccb514ad0f73d52b2fa805afd33b7',25,'2019-11-04',0,'08:03:00','12:26:00','13:55:00','18:41:00','00:00:00','00:00:00',2,'01:09:00'),('e4347152a0068ef7ff1faba79edbc64ae665b7ae',30,'2019-11-01',0,'07:50:00','12:06:00','13:39:00','18:04:00','00:00:00','00:00:00',2,'00:41:00'),('e454bbe363b86f71a1cb56f70ab0c1abfd96b72d',3,'2019-11-04',0,'07:21:00','11:59:00','12:27:00','16:59:00','00:00:00','00:00:00',2,'01:10:00'),('e4e6f753e43a4b78d58b71c4a0c4b494efd38cfc',15,'2019-11-01',0,'07:51:00','12:02:00','13:51:00','18:42:00','00:00:00','00:00:00',2,'01:02:00'),('e977186539a75f0630b53de7be58b2c75b51358e',16,'2019-11-03',0,'00:00:00','00:00:00','00:00:00','00:00:00','00:00:00','00:00:00',1,'00:00:00'),('e9b590260ac3fa45cb733cc237fad03f00cfb0a5',31,'2019-11-04',0,'08:57:00','12:06:00','14:06:00','18:43:00','00:00:00','00:00:00',2,'-00:14:00'),('eb2981e8a7d2e5cfdfcc38c3f1d5ac690d8bfc94',13,'2019-11-04',0,'08:37:00','12:44:00','14:05:00','18:07:00','00:00:00','00:00:00',2,'00:09:00'),('eb9234628eb75f0facbcd9d5a4979426dc4851fd',38,'2019-11-03',0,'00:00:00','00:00:00','00:00:00','00:00:00','00:00:00','00:00:00',1,'00:00:00'),('ee33bd6e6d9456adae5b59e49bab0b07546899a1',7,'2019-11-02',0,'00:00:00','00:00:00','00:00:00','00:00:00','00:00:00','00:00:00',5,'00:00:00'),('ee4ea2b03993f866e2a15748e1db813d75fe16a4',5,'2019-11-01',0,'07:52:00','12:00:00','14:00:00','18:34:00','00:00:00','00:00:00',2,'00:42:00'),('f1f3968a42adb2b2cd6d7eb7e8a14531de5c95b8',4,'2019-11-01',0,'08:02:00','12:04:00','13:43:00','18:09:00','00:00:00','00:00:00',2,'00:28:00'),('f263bbbf63948df030c405228b1ffc318fdc571d',28,'2019-11-04',0,'00:00:00','00:00:00','00:00:00','00:00:00','00:00:00','00:00:00',1,'00:00:00'),('f29882c7c18769745be90988ea3db98fd80ddef2',12,'2019-11-03',0,'00:00:00','00:00:00','00:00:00','00:00:00','00:00:00','00:00:00',1,'00:00:00'),('f3ec719f750ce1f75ddba0e34da021d304b83075',19,'2019-10-28',0,'08:04:00','12:58:00','15:00:00','18:41:00','00:00:00','00:00:00',2,'00:35:00'),('f45b3d6414dd5d523d6d3107226e766721521fb5',18,'2019-11-02',0,'00:00:00','00:00:00','00:00:00','00:00:00','00:00:00','00:00:00',5,'00:00:00'),('f806fd4823dff405748f92d810a4bcb6ba17fcce',21,'2019-11-04',0,'07:57:00','11:00:00','13:57:00','18:02:00','00:00:00','00:00:00',2,'-00:52:00'),('f80859fbcdd17d76ccd2da16c9a102d955d9c6f3',2,'2019-11-04',0,'07:55:00','11:47:00','13:51:00','18:57:00','00:00:00','00:00:00',2,'00:58:00'),('ffb776671a99aa30a530a7a8139157a4ae087855',4,'2019-11-03',0,'00:00:00','00:00:00','00:00:00','00:00:00','00:00:00','00:00:00',1,'00:00:00');
/*!40000 ALTER TABLE `hours` ENABLE KEYS */;
UNLOCK TABLES;

--
-- Table structure for table `roles`
--

DROP TABLE IF EXISTS `roles`;
/*!40101 SET @saved_cs_client     = @@character_set_client */;
/*!40101 SET character_set_client = utf8 */;
CREATE TABLE `roles` (
  `id` int(11) NOT NULL AUTO_INCREMENT,
  `name` varchar(50) NOT NULL,
  PRIMARY KEY (`id`)
) ENGINE=InnoDB AUTO_INCREMENT=9 DEFAULT CHARSET=utf8;
/*!40101 SET character_set_client = @saved_cs_client */;

--
-- Dumping data for table `roles`
--

LOCK TABLES `roles` WRITE;
/*!40000 ALTER TABLE `roles` DISABLE KEYS */;
INSERT INTO `roles` VALUES (1,'ASSISTENTE ADMINISTRATIVO'),(2,'ASSISTENTE COMERCIAL'),(3,'TÉCNICO DE SUPORTE'),(4,'PROGRAMADOR'),(5,'ASSISTENTE FINANCEIRO'),(6,'TÉCNICO DE TECNOLOGIA'),(7,'TÉCNICO DE IMPLANTAÇÃO'),(8,'ASSISTENTE DE SERVIÇOS GERAIS');
/*!40000 ALTER TABLE `roles` ENABLE KEYS */;
UNLOCK TABLES;

--
-- Table structure for table `typedates`
--

DROP TABLE IF EXISTS `typedates`;
/*!40101 SET @saved_cs_client     = @@character_set_client */;
/*!40101 SET character_set_client = utf8 */;
CREATE TABLE `typedates` (
  `id` int(11) NOT NULL AUTO_INCREMENT,
  `name` varchar(50) NOT NULL,
  `time` time NOT NULL,
  PRIMARY KEY (`id`)
) ENGINE=InnoDB AUTO_INCREMENT=7 DEFAULT CHARSET=utf8;
/*!40101 SET character_set_client = @saved_cs_client */;

--
-- Dumping data for table `typedates`
--

LOCK TABLES `typedates` WRITE;
/*!40000 ALTER TABLE `typedates` DISABLE KEYS */;
INSERT INTO `typedates` VALUES (1,'DFB','00:00:00','N'),(2,'HNR','08:00:00','N'),(3,'SAB','04:00:00','S'),(4,'COMP','08:00:00','N'),(5,'SAF','00:00:00','S'),(6,'ATM','08:00:00','N');
/*!40000 ALTER TABLE `typedates` ENABLE KEYS */;
UNLOCK TABLES;

--
-- Table structure for table `users`
--

DROP TABLE IF EXISTS `users`;
/*!40101 SET @saved_cs_client     = @@character_set_client */;
/*!40101 SET character_set_client = utf8 */;
CREATE TABLE `users` (
  `user_id` int(12) NOT NULL AUTO_INCREMENT,
  `name` varchar(50) DEFAULT NULL,
  `email` varchar(255) NOT NULL,
  `password` varchar(255) NOT NULL,
  `admin` varchar(1) NOT NULL DEFAULT 'N',
  `status` int(1) NOT NULL,
  PRIMARY KEY (`user_id`),
  UNIQUE KEY `email` (`email`)
) ENGINE=InnoDB AUTO_INCREMENT=3 DEFAULT CHARSET=utf8;
/*!40101 SET character_set_client = @saved_cs_client */;

--
-- Dumping data for table `users`
--

LOCK TABLES `users` WRITE;
/*!40000 ALTER TABLE `users` DISABLE KEYS */;
INSERT INTO `users` VALUES (1,'Eliane Azevedo','eliane@protonsistemas.com.br','123456','N',1),(2,'Valcy Ribeiro','valcy@protonsistemas.com.br','123456','S',1);
/*!40000 ALTER TABLE `users` ENABLE KEYS */;
UNLOCK TABLES;
/*!40103 SET TIME_ZONE=@OLD_TIME_ZONE */;

/*!40101 SET SQL_MODE=@OLD_SQL_MODE */;
/*!40014 SET FOREIGN_KEY_CHECKS=@OLD_FOREIGN_KEY_CHECKS */;
/*!40014 SET UNIQUE_CHECKS=@OLD_UNIQUE_CHECKS */;
/*!40101 SET CHARACTER_SET_CLIENT=@OLD_CHARACTER_SET_CLIENT */;
/*!40101 SET CHARACTER_SET_RESULTS=@OLD_CHARACTER_SET_RESULTS */;
/*!40101 SET COLLATION_CONNECTION=@OLD_COLLATION_CONNECTION */;
/*!40111 SET SQL_NOTES=@OLD_SQL_NOTES */;

-- Dump completed on 2019-11-07  9:27:35
